task,regime,seed,role,episode,success,steps,policy_action_steps,stay_steps,expired_chunks,wall_seconds,initial_sha256
bimanual_microwave_cook,rand_full,0,retry,0,false,1100,1100,0,0,181.6606776714325,ce699e8a6d92cb85becfe1403baf647f6f8acf1510aa249221984afd1b36b7aa
bimanual_microwave_cook,rand_full,0,retry,1,false,1100,1100,0,0,166.93339776992798,3c1167563afac317e523d42ba3555b8253a2d8d4658f265691bb236f987a9a9e
bimanual_microwave_cook,rand_full,0,retry,2,false,1100,1100,0,0,165.62840676307678,ed0d50576c6e10cb428da3b6c8732f66f0aca758cde8e78875f11a9bb5c1cd64
bimanual_microwave_cook,rand_full,0,retry,3,false,1100,1100,0,0,174.9497709274292,ca05a6b79c97dbb2c24079e3cab83e319b0328e7c36e2886e0ed5574db8bc5c1
bimanual_microwave_cook,rand_full,0,retry,4,false,1100,1100,0,0,180.34001398086548,05e2907b53a6598d9bc8d8cdb4a99de672dbba2da25938a32dcf0c5476be7e89
bimanual_microwave_cook,rand_full,0,retry,5,false,1100,1100,0,0,169.52262020111084,fe8976289e348edeb041c6e2073016862cbfd5600234669ab79be7c56ffc0d35
bimanual_microwave_cook,rand_full,0,retry,6,false,1100,1100,0,0,166.75240993499756,01cf23a6b9f23226dbbcabce241d01e27920078e80e18fc409e55ac224e2eb30
bimanual_microwave_cook,rand_full,0,retry,7,false,1100,1100,0,0,166.7845175266266,c023fe375ec21599d06e5b03a189673dafe6ce3296557dc0b2b7ff74a12a6f7b
bimanual_microwave_cook,rand_full,0,retry,8,false,1100,1100,0,0,171.43306398391724,4a5b4218c5981c7651a96d14b79268ff262b8aeabd74c7dacb57b342078ef651
bimanual_microwave_cook,rand_full,0,retry,9,false,1100,1100,0,0,175.3913698196411,b5e5dc2ca52f66069c59bd25f292e3ca3d9220a4ae0dfb6a730d6d4d18182923
bimanual_microwave_cook,rand_full,0,retry,10,false,1100,1100,0,0,168.52954626083374,54f2cde1dd830c829f4dacf59748c2c743d94ef662c594da0925d351497305a9
bimanual_microwave_cook,rand_full,0,retry,11,false,1100,1100,0,0,171.66184973716736,589eb3993f98bcbe631e9c31e078887e0f1b14b7a8888ac179ce9746d854c27d
bimanual_microwave_cook,rand_full,0,retry,12,false,1100,1100,0,0,176.9007670879364,2336a9e8faa6cafdffdfa033281a8ff8cb35896076c50d9295e66825bbcdcf9d
bimanual_microwave_cook,rand_full,0,retry,13,false,1100,1100,0,0,174.09769415855408,f1f0ec9b507574e1dd1afbff4841ec90b2357332d5212f80d388b28dc8c34781
bimanual_microwave_cook,rand_full,0,retry,14,false,1100,1100,0,0,173.85616374015808,55e8089fae4edcb5db102a3b270bb529c1259c563afc014ec61d86aea5a6e8b7
bimanual_microwave_cook,rand_full,0,retry,15,false,1100,1100,0,0,164.98922872543335,aac5a2eaedbd77a8200d0aafb3a0e7c448202d59069be240145f3ab161139957
bimanual_microwave_cook,rand_full,0,retry,16,false,1100,1100,0,0,175.37067031860352,16c7cc08048bba847cfd77570a55c03d8fed10f21cfdea3b3f7509bdf85bde30
bimanual_microwave_cook,rand_full,0,retry,17,true,1037,1037,0,0,164.37745022773743,168eaa385376d32e6c4a346f28ad9ff9a6ffc066897342d58331050b216b8ee8
bimanual_microwave_cook,rand_full,0,retry,18,false,1100,1100,0,0,166.63610792160034,0ac32c48c94284a6675ce481838394d53f30d4edb0ae78917620ba3ba9c95039
bimanual_microwave_cook,rand_full,0,retry,19,false,1100,1100,0,0,172.7061574459076,7c1cdbb73ecab0f5055d579d98df100acad2a2225c5a5ddaa7c3bac098b72dfc
bimanual_microwave_cook,rand_full,0,retry,20,false,1100,1099,1,0,172.0800280570984,1c1ed6f7306dd0672cbe09d6ff7f159c6ceecff2ca931442973109631b57b27f
bimanual_microwave_cook,rand_full,0,retry,21,false,1100,1099,1,0,171.69644331932068,f7a2d71e6ab1704247af42016745618117932762add4c508c27e975297f0bb63
bimanual_microwave_cook,rand_full,0,retry,22,false,1100,1100,0,0,170.20917415618896,6e8d565f4869de156e8f80897cbff2e5881c66e5214324117f9aa11ee17bf1ac
bimanual_microwave_cook,rand_full,0,retry,23,false,1100,1100,0,0,172.85345482826233,4b30d8d6b0a414b86eec1db6a017784c16e56b4ab2e79b19b4064ca31f4bc329
bimanual_microwave_cook,rand_full,0,retry,24,false,1100,1100,0,0,164.74704146385193,38d77c25c43e4514ab4708840219fbed6531136f5598cd1e6828bc52ef827c5c
bimanual_microwave_cook,rand_full,0,retry,25,false,1100,1100,0,0,163.55780220031738,ac7dc1953f5b8b548ae9117314e7a3f75a9260a3ab59cb57a4690bd972376525
bimanual_microwave_cook,rand_full,0,retry,26,false,1100,1100,0,0,151.6760323047638,55b3a4d54a5f1f468fb2189483dcc5c7ae54790137003f7ee0989c5b8d78a099
bimanual_microwave_cook,rand_full,0,retry,27,false,1100,1099,1,0,145.58665800094604,aea50d8dd7b30de616d505f8a72179de3df040dff8e254e57f9578d884bc7701
bimanual_microwave_cook,rand_full,0,retry,28,false,1100,1099,1,0,154.13406920433044,fcdeebba679da1be1755f8c3f3fa1c0c56e6f3c7eba8877874e570dee449e748
bimanual_microwave_cook,rand_full,0,retry,29,false,1100,1100,0,0,157.18366479873657,51772c857660bccb494d917e0e725e295d4b8cc3bd515ccae5eaf42d253d2174
bimanual_microwave_cook,rand_full,0,retry,30,false,1100,1100,0,0,166.59554529190063,ce7f62db18bda22d69bbac8e0fd0b6764dc7dcdc7d10091bab8f926f78c0e2d6
bimanual_microwave_cook,rand_full,0,retry,31,false,1100,1099,1,0,151.114816904068,b55561e56aec8e5bff4d397bd1081083da2af910a9aaa383891df7fc2fd38ee5
bimanual_microwave_cook,rand_full,0,retry,32,false,1100,1100,0,0,160.64058804512024,713d9eff579bc37011c63a238a7cb6649f0a2ea532a1e5d55ac2a9ceb89657aa
bimanual_microwave_cook,rand_full,0,retry,33,false,1100,1100,0,0,163.13581109046936,77a188187048693f4eb315d1d4dfbe4ede3ccfb2738f9ef05865738f3d2ddb82
bimanual_microwave_cook,rand_full,0,retry,34,false,1100,1100,0,0,161.21755266189575,33a02d47de96b61ad1f2112b8b4b86d8aab2b36b8535719004856bf46fd4718c
bimanual_microwave_cook,rand_full,0,retry,35,false,1100,1100,0,0,169.73195481300354,00a980b9e5ccd322ef7392e919dc1de18d841e37e495ac74edfc0ac0d4cda421
bimanual_microwave_cook,rand_full,0,retry,36,false,1100,1100,0,0,168.7949812412262,38343d7c53246b62011a8be49554e9a3e798e7185c6d018184a3a24c781652a5
bimanual_microwave_cook,rand_full,0,retry,37,false,1100,1100,0,0,168.47913122177124,3c48b0c1e5c215aa0ca344e3ba77eb9f7ca3c70c63703ee2883337bdefd52e97
bimanual_microwave_cook,rand_full,0,retry,38,false,1100,1100,0,0,161.9686257839203,5628e3f1bfbeebb24f3670cdc471a4391f54afbfc5dbace2a42a22d2fe41a7bd
bimanual_microwave_cook,rand_full,0,retry,39,false,1100,1099,1,0,167.0850281715393,9ff6e479033abe72917ed6bdaaafd0ec4196259e01c19bc2bd0fb8188685ec10
bimanual_microwave_cook,rand_full,0,retry,40,false,1100,1100,0,0,156.5142903327942,bea937bb1229d07fb2cafc8adca0fc7152e8f1b0415ee7714d9c2c913f5faf0f
bimanual_microwave_cook,rand_full,0,retry,41,false,1100,1100,0,0,152.06487035751343,c306b37b00823b97a6d375f2e77bff8710cc7515507844c306a48a7bb206738c
bimanual_microwave_cook,rand_full,0,retry,42,false,1100,1100,0,0,154.70605993270874,9fd45b80ad5d31502d251184ded7afd8812030ee73f503559cdfaffdff38f1e7
bimanual_microwave_cook,rand_full,0,retry,43,false,1100,1100,0,0,176.14555096626282,6cb264cc956c5f347421f61f26be16fccb522ce86e23bc93f85c1e61caa1d450
bimanual_microwave_cook,rand_full,0,retry,44,false,1100,1100,0,0,168.4865608215332,3099ab811190bd7f417c1609db222143fcb8d93c333e8c6ee9e673069b5d994b
bimanual_microwave_cook,rand_full,0,retry,45,false,1100,1100,0,0,165.18948936462402,513dffd2c159fd26af83f30986afc256c93cabad2ce249a1b19a8101774dd5f4
bimanual_microwave_cook,rand_full,0,retry,46,false,1100,1100,0,0,157.8743188381195,94bca463a5d2ad9a4ba4835063e43ac1dc75ff4ec29a35ade0eb5d4b917fd567
bimanual_microwave_cook,rand_full,0,retry,47,false,1100,1100,0,0,152.80507588386536,9cee382f2dc9694483b3b883c9c7de227bd18569a186382736ff83d9059f9bb9
bimanual_microwave_cook,rand_full,0,retry,48,false,1100,1100,0,0,157.8166422843933,24392a6a81277a47433746cd2a5a586abc683de94ef69938b8c42aec2127f903
bimanual_microwave_cook,rand_full,0,retry,49,false,1100,1099,1,0,151.90374279022217,e403fbea79c92495e43626e5156efae58d489e4f911cade7816b5cda4e22b915
bimanual_microwave_cook,rand_full,1,retry,0,false,1100,1100,0,0,183.55703377723694,99bfa6898645d2c5fa802a2c93c98788fc014c31abb3618bb0566a6e7223d4ab
bimanual_microwave_cook,rand_full,1,retry,1,false,1100,1100,0,0,176.78014016151428,2ceee78e5d441010140e471547d5417e23c39ac6c6a71e01ed643c641c380d7d
bimanual_microwave_cook,rand_full,1,retry,2,false,1100,1100,0,0,172.70266342163086,23545942910d8f2a6dab7ea8a7176830f2992e5b0a34c082f612a326d9124f2c
bimanual_microwave_cook,rand_full,1,retry,3,false,1100,1100,0,0,173.52964806556702,c6a8ec0d59ba675d74ff98419d40d5e5f6ee022c6c48dde39227c1e84192ad0d
bimanual_microwave_cook,rand_full,1,retry,4,false,1100,1100,0,0,172.35300636291504,0cb2188819ce60271f86414091fc3bbf38f062db1d887df4825170a778c825a0
bimanual_microwave_cook,rand_full,1,retry,5,false,1100,1100,0,0,162.56212258338928,aeee12255f2e15407f02c18c7725aaac1af7200813d8c248fc40dacf25471d1d
bimanual_microwave_cook,rand_full,1,retry,6,false,1100,1100,0,0,177.76082754135132,5b771bbc1292d78532c516d6a62a834049246b7a7d0a447d1b2d6c3de512e61f
bimanual_microwave_cook,rand_full,1,retry,7,false,1100,1100,0,0,168.78251671791077,45bac96dbc7cbb55e4b75c75cea13857d4639c0e37ce06b6c9bb91869923e00b
bimanual_microwave_cook,rand_full,1,retry,8,false,1100,1100,0,0,163.33128571510315,4302edd5ba459d19ba08fd387f4d8646b889f8b0bc7dadfa882eb45724ea9992
bimanual_microwave_cook,rand_full,1,retry,9,false,1100,1100,0,0,178.63953971862793,75affa1385e5d9d496c8ecee5edac6c763a5413387783c91371b9289ab07b9fb
bimanual_microwave_cook,rand_full,1,retry,10,false,1100,1100,0,0,172.02319192886353,3f8e3cea45be41947adf41047c0d90dec931a63d651e9eaf2407907a1ed13290
bimanual_microwave_cook,rand_full,1,retry,11,false,1100,1099,1,0,171.01034593582153,733394426ab04490c640fedc5b3d0d95bae9dc95a24dcac1eaa507061fa05f6a
bimanual_microwave_cook,rand_full,1,retry,12,false,1100,1100,0,0,171.18143916130066,d384f2c35bbe08b852576dc6fa67a2b5447b0939bc0f61db5fd2a7474eb3b85e
bimanual_microwave_cook,rand_full,1,retry,13,false,1100,1100,0,0,170.36819911003113,51bb2adbf656863e2a7bf4b6cad92d416ec96e9d34f19837e4b351975b168e24
bimanual_microwave_cook,rand_full,1,retry,14,false,1100,1099,1,0,169.70766758918762,59aa28a89c08b8aaf74c4fb144c8eb4c4d8217ba7ba4c54adba1bcd023b4e2b5
bimanual_microwave_cook,rand_full,1,retry,15,false,1100,1100,0,0,182.05759358406067,e1b9d9cef4293367fb6be1ffd9fd44fc246dc1949b5b0308582d8d2ac754827f
bimanual_microwave_cook,rand_full,1,retry,16,false,1100,1100,0,0,172.31339645385742,81ec19c3a63fd77408d8a63d67906e3e67497e365399b9f0f4d2a14fb016e049
bimanual_microwave_cook,rand_full,1,retry,17,false,1100,1100,0,0,169.00741028785706,280b074b4bdc05f5b770f75b889f401d6b16a66e4460f1fdbc16fb6d7d193975
bimanual_microwave_cook,rand_full,1,retry,18,false,1100,1100,0,0,175.5816786289215,69e03944589d18b5f7eabcf260e9e34107513f961e15c39dc749925adcc07d79
bimanual_microwave_cook,rand_full,1,retry,19,false,1100,1100,0,0,170.38206124305725,c6f507f2f776c4f1a7947a1e856adba726e553a79f9e963dddb63a0f5f8fcb40
bimanual_microwave_cook,rand_full,1,retry,20,false,1100,1100,0,0,159.2970643043518,96b996a12cae6f93b086798116837d144fd8650e42cc762e8daca867a93a3447
bimanual_microwave_cook,rand_full,1,retry,21,false,1100,1100,0,0,175.91745901107788,d6fe1e21ebd3e7da29f1f80b358d0fdf0db60a52b7f14f295dfd8f0f3ecda6a5
bimanual_microwave_cook,rand_full,1,retry,22,false,1100,1100,0,0,170.86754250526428,4ec44ab8fd8daf0b7d428286c4d5d108e46b702a5e7fdd041b737a8b5e81e4dd
bimanual_microwave_cook,rand_full,1,retry,23,false,1100,1100,0,0,168.34007358551025,6625b7e5b0c4cbf047a5db74e137503e453905acec0e9dcf1b7548e7a7a82d50
bimanual_microwave_cook,rand_full,1,retry,24,false,1100,1100,0,0,165.46172523498535,68cb98a6d9704c785f06ebff39f7d882d3f43cefd0acef0febd2c1ecf7fe118c
bimanual_microwave_cook,rand_full,1,retry,25,false,1100,1100,0,0,167.53164935112,dd58f367e15e6a3908fd04feef87c2f6564e2e22d3e566d89e3ce23911c6d420
bimanual_microwave_cook,rand_full,1,retry,26,false,1100,1100,0,0,152.90293169021606,c908b479b0ff5d2e7ffb151ddd514f759d7692c5f0e24cc889ef31ae58cffd8d
bimanual_microwave_cook,rand_full,1,retry,27,false,1100,1100,0,0,160.4876959323883,844782aa9cf77057b6ead206655aecc944d855e12fa5be170374d48f667d3ca7
bimanual_microwave_cook,rand_full,1,retry,28,false,1100,1100,0,0,160.8087420463562,8fb8b26008119e6cecdb2bf148554e4f937e7820af462e2173bf66e8533268e8
bimanual_microwave_cook,rand_full,1,retry,29,false,1100,1100,0,0,151.3955557346344,c0fb06e9d98f2a742bba5fac84bf7f20f93f19ce9eadbc5b0d414a7c6b7a509e
bimanual_microwave_cook,rand_full,1,retry,30,false,1100,1100,0,0,147.21906757354736,f5f345e6736f7886dd57fa325c304bc709c8c7960eaf84f7a41980921ebfc0df
bimanual_microwave_cook,rand_full,1,retry,31,false,1100,1100,0,0,158.04988074302673,921c84f6b7f6896b1e963a45ef21e37c117ab60b85f95ff357c04e7cd0a8967e
bimanual_microwave_cook,rand_full,1,retry,32,false,1100,1100,0,0,161.92485976219177,73fa83a8cc9e750e07a9f3d3d10c5795dda83342fcccf01402dc4d3909df616b
bimanual_microwave_cook,rand_full,1,retry,33,false,1100,1099,1,0,157.34646224975586,e667291b3888ef1aa11dba083d2a7d6df8e510a54804d320d90eb579969eefff
bimanual_microwave_cook,rand_full,1,retry,34,false,1100,1099,1,0,163.66980957984924,4b090d9a8d011e8421525bf77a46fc114f7b29734a2b263062019ad94402dcf1
bimanual_microwave_cook,rand_full,1,retry,35,false,1100,1099,1,0,158.78672170639038,2acccdf6482d05db6b01d0fe94040ac4ee32b1a3a23dbf5c37433e8b45a188c7
bimanual_microwave_cook,rand_full,1,retry,36,false,1100,1100,0,0,157.6184892654419,80ba7fe77436a47bea8634afd003e206ca7632f7848dc51a881d257fcb05574e
bimanual_microwave_cook,rand_full,1,retry,37,false,1100,1100,0,0,156.80908679962158,e14dd9225ab277f376075c29a3c9c08fa00742f230dbbcb24d692e39bf41ecd6
bimanual_microwave_cook,rand_full,1,retry,38,false,1100,1100,0,0,161.20851278305054,be2db208bb3cf34e0a5e2055c2c9e5f0b2757ed7189111d42717e3d1e9a23e44
bimanual_microwave_cook,rand_full,1,retry,39,false,1100,1100,0,0,155.65337085723877,75a9f62775f6d88eeb1ddcf11af0fa8c812930f1d9f9c505c4126cdcd5c47467
bimanual_microwave_cook,rand_full,1,retry,40,false,1100,1100,0,0,157.89608502388,a5ce6c58989f92ae36821f954140ac6208aa2ddd22170f56527fce77279d2eea
bimanual_microwave_cook,rand_full,1,retry,41,false,1100,1100,0,0,162.08798170089722,075a78befd7a4f6657d5195b4b51c7dca09ce32e3b48016054acfe2fcd6a5f66
bimanual_microwave_cook,rand_full,1,retry,42,false,1100,1100,0,0,148.61227369308472,399234d9480fe263f71cf4ca9cf34cdc70666ec49063421f21b5e431f35f9223
bimanual_microwave_cook,rand_full,1,retry,43,false,1100,1100,0,0,165.95942544937134,5c0110c189ba601f97fa66e72197b742edc83a740b4725551d97b7a0dfb4b029
bimanual_microwave_cook,rand_full,1,retry,44,false,1100,1100,0,0,168.10288047790527,8adfd8c57ec925e67f2143d66ea8592e40aa22a7b5bed9d080e18c534ee6d5e8
bimanual_microwave_cook,rand_full,1,retry,45,false,1100,1100,0,0,170.37168884277344,b4021f4269bca6eb9e2b00de8f4b6ed8ce1f2c2552adad9943bc2c2434b97f0c
bimanual_microwave_cook,rand_full,1,retry,46,false,1100,1100,0,0,162.49898290634155,777d4ce2badc4d2fa7dd601a4411b4f1da331e1900624c1cb4aa9125f47e1e71
bimanual_microwave_cook,rand_full,1,retry,47,false,1100,1100,0,0,151.05626678466797,a7129906eb6beb46bdb658872d4651f35b9cde972d2a8099f2df821c6ffcfee6
bimanual_microwave_cook,rand_full,1,retry,48,false,1100,1099,1,0,147.3349323272705,9fb2a2614b5381a22390af2df7fed50783922450cd8a8105ea3259279405c9e0
bimanual_microwave_cook,rand_full,1,retry,49,false,1100,1100,0,0,147.27774620056152,c6e85f5a605c9e7a4691ad22a0ff9f8306898b390b3be8cc654c7514cea1a5df
bimanual_microwave_cook,rand_full,2,retry,0,false,1100,1100,0,0,177.0925052165985,462aab860089a6db638196f95b6e80d723735587d245dbde95bd11aabd66abed
bimanual_microwave_cook,rand_full,2,retry,1,false,1100,1099,1,0,172.30683946609497,0284944f7096cf1d6a195bfbd81fd6424c93d818f743302e9a34bbb50f4a36e8
bimanual_microwave_cook,rand_full,2,retry,2,false,1100,1100,0,0,170.73087978363037,ce7a4b6a9c65e603445991ec49fc5d58ab2344785b5ae0b2f3f0caab68574e86
bimanual_microwave_cook,rand_full,2,retry,3,false,1100,1100,0,0,161.65113496780396,2c11b544b7213943b3cf50c4e0a80f3141b5a6fa600651e1a212af058c520462
bimanual_microwave_cook,rand_full,2,retry,4,false,1100,1100,0,0,173.65344381332397,e8bea6e3d8dccc1ab00198ffede035364cc731d9c928f1b14e6f852b13fc7563
bimanual_microwave_cook,rand_full,2,retry,5,false,1100,1100,0,0,166.0825183391571,81d4e7c192c0add6dcf40c3e442430ecb183f0c3cf760d53ea64d3aaac7fd023
bimanual_microwave_cook,rand_full,2,retry,6,false,1100,1100,0,0,169.35624504089355,39975b19791df205c1142cef788038c01e423cf09f18804d722e23cc0101dc27
bimanual_microwave_cook,rand_full,2,retry,7,false,1100,1100,0,0,167.42302536964417,a61172c27a0f6cb6aa472a60a04e1a8e7512ebc21f5119d89d759d3dee0c8fbf
bimanual_microwave_cook,rand_full,2,retry,8,false,1100,1100,0,0,168.65432214736938,eff1d22f07d7fe127d47e93854bbb2af63bb7c66200098b6d70db3f5bee1b7e9
bimanual_microwave_cook,rand_full,2,retry,9,false,1100,1099,1,0,178.0345344543457,d14f130ef5020b1dfe7dd8fd2d244ba19630492e9f91b7252af403c61ed1c949
bimanual_microwave_cook,rand_full,2,retry,10,false,1100,1100,0,0,177.38206124305725,8523fecb3d7f3e47f10bf478d68627f246e60f43ccc953f3903cc9f61a4bbcd9
bimanual_microwave_cook,rand_full,2,retry,11,false,1100,1100,0,0,170.16442799568176,fa220c58a07b50575703ec3435b4783d1a26aa08f86a6fcdc6b934a0d3cce35f
bimanual_microwave_cook,rand_full,2,retry,12,false,1100,1100,0,0,165.86683869361877,ee914a1ae69efe446941aa891ceb40a0469aa327fca851f10587d9ca8db9ea53
bimanual_microwave_cook,rand_full,2,retry,13,false,1100,1099,1,0,175.72735834121704,b6ba65b73566ae600570fcff85864cc4803deb221c5a6023b9d0bd6db1b594c5
bimanual_microwave_cook,rand_full,2,retry,14,false,1100,1100,0,0,178.86897611618042,56f38212ba871d7d98d6848dfe1b056ac3a00edbdb406c62642bc1f48617bed9
bimanual_microwave_cook,rand_full,2,retry,15,false,1100,1100,0,0,176.4508135318756,1cf9189f8110e9e6ba3c114681e587da83142c6ecdfa0b48acb24dd1f69ef602
bimanual_microwave_cook,rand_full,2,retry,16,false,1100,1100,0,0,181.40442204475403,aeeaf2e5707fecbfeeacf230314d21f922c0cd886ba07da2f4cc6da03c2a9a77
bimanual_microwave_cook,rand_full,2,retry,17,false,1100,1100,0,0,176.7544617652893,cc7c2c5c2f238f5d9499d4a429b0ad8dde07b5bdcc0953558dae91b49490c0a0
bimanual_microwave_cook,rand_full,2,retry,18,false,1100,1100,0,0,162.97824907302856,13dc2eb2b158908c9ff70d30d56aae7bbf8e0718458f673233ba4e99fb84b070
bimanual_microwave_cook,rand_full,2,retry,19,false,1100,1100,0,0,167.0153830051422,27fa4f7842cd64338e01fbd35fc8626cc3a087fd98192bb2cf6970e5393e3329
bimanual_microwave_cook,rand_full,2,retry,20,false,1100,1100,0,0,160.00108766555786,8eeaeb3ebfbdd53faafe41598cd85c7a82cd2726022825875b4584cf6a412d24
bimanual_microwave_cook,rand_full,2,retry,21,false,1100,1100,0,0,167.3500485420227,7a45fa8c8ed179026162bbdcf4a2d702a3824e40bc1a04e8863fcde427f8cc6f
bimanual_microwave_cook,rand_full,2,retry,22,false,1100,1100,0,0,167.56204771995544,8248839fff1d0b5a521f04164f1e709dcd2886fddfe0ad13052ff511f2b4b144
bimanual_microwave_cook,rand_full,2,retry,23,true,1072,1071,1,0,167.08966827392578,c278263265a91989764cfde36a6ae66a8d44fbadde4b1f920d9e313601c97c4c
bimanual_microwave_cook,rand_full,2,retry,24,false,1100,1100,0,0,164.517751455307,52e44bef91e3c964f9272193857c140881eac76ab2222afc13290a0b4cc54cb2
bimanual_microwave_cook,rand_full,2,retry,25,false,1100,1100,0,0,159.43799257278442,fb4abab14ac5b9990cbc3477793e6f77e63ec9077dfbe267d2960a038fc15de7
bimanual_microwave_cook,rand_full,2,retry,26,false,1100,1100,0,0,155.4805507659912,18ccaece2437eb72146bb833ef8676614906c87a6d249d0b670a33307ce0c29c
bimanual_microwave_cook,rand_full,2,retry,27,false,1100,1099,1,0,151.98255848884583,d3e88bb428edec80397f8dde6119950fa290ce1907723f7b8cc0827bc4fe31b5
bimanual_microwave_cook,rand_full,2,retry,28,false,1100,1100,0,0,151.2595694065094,62bbe5dacaf23498b1ce3ed9c2c22be316e5f04f27cd27baaf24541c1d85d449
bimanual_microwave_cook,rand_full,2,retry,29,false,1100,1100,0,0,158.52419471740723,06c4b51221f8455e19df2cf150f73690e5c907fcec9596381a3fc31bcb259579
bimanual_microwave_cook,rand_full,2,retry,30,false,1100,1099,1,0,151.76243615150452,4200163d8eea78fd1cf2fc4206c9e6c26d8cb24c9570fea945238e98846f3062
bimanual_microwave_cook,rand_full,2,retry,31,false,1100,1100,0,0,145.58150553703308,53367eca75eadb229594a159a2ce7088d290c041e9fe5fc051ed16451a9c3995
bimanual_microwave_cook,rand_full,2,retry,32,false,1100,1100,0,0,152.68501687049866,5336598d599646e1217335da74e20994a08f1df31d20500e91f9fd704bcf8e9e
bimanual_microwave_cook,rand_full,2,retry,33,false,1100,1100,0,0,158.18594217300415,c274a09f7ca8cb02568f79e9629bc1019395e65285b93f2606cee7bead001fb0
bimanual_microwave_cook,rand_full,2,retry,34,false,1100,1100,0,0,167.71351432800293,03fe20026d6f316be17c27346ba725d402af3531782e170c561cb5e911ca13e2
bimanual_microwave_cook,rand_full,2,retry,35,false,1100,1100,0,0,158.78504872322083,1f3d7be0753448c9ab5c142f2fe3108bb398f526240aed3691af1edd647887a4
bimanual_microwave_cook,rand_full,2,retry,36,false,1100,1100,0,0,157.23777842521667,8ea0c2c92d34308e1410653e85cb4bf7c9d8f238886efa423921beca114f22ae
bimanual_microwave_cook,rand_full,2,retry,37,false,1100,1100,0,0,161.3921513557434,0732eb09cff340fedabb2ace6aa8d1d353f1444bb42d35d5cbb55c8099831fbd
bimanual_microwave_cook,rand_full,2,retry,38,false,1100,1100,0,0,171.25866317749023,614c936edb883f57345c0e3762b810ddcb47b01b02846e45ddcdd95af90a3b7e
bimanual_microwave_cook,rand_full,2,retry,39,false,1100,1100,0,0,160.7411003112793,3210cfa465a4ca656eb3fc3854e2ab4f3d5c0fafe74b4d1c60f0f576efdc4bb4
bimanual_microwave_cook,rand_full,2,retry,40,false,1100,1099,1,0,155.72628378868103,ef489cb789165a027bd9927e89e6545b731b21e287548229f00ac7ab5ae33203
bimanual_microwave_cook,rand_full,2,retry,41,false,1100,1100,0,0,149.87346243858337,2898f8a8e8c1f7485a7bd089e463d6a2ed594074b9de97b5864205c055c52d49
bimanual_microwave_cook,rand_full,2,retry,42,false,1100,1100,0,0,157.31430959701538,cd24184f9712f6c0c07cb5647f4ae08a64ded93811d673719258d3b9b1e1d69d
bimanual_microwave_cook,rand_full,2,retry,43,false,1100,1100,0,0,161.01467728614807,42556478168fa2a76e15f94304c94f451b9a0fab9db1c4597107c407067099ac
bimanual_microwave_cook,rand_full,2,retry,44,false,1100,1100,0,0,176.7130343914032,71e59210ef23f7887956a6240283db6cbce4d494c47966f698209ca1d84ed075
bimanual_microwave_cook,rand_full,2,retry,45,false,1100,1100,0,0,169.56454610824585,21874e0ff0e77175457d71bbe7aab10467abbec3db96cce50e6c8a55863b8c8c
bimanual_microwave_cook,rand_full,2,retry,46,false,1100,1100,0,0,155.8144292831421,5073d31e2e92143062e9264828180a5cf63b2f1010c23c5169ed1ab498c4810d
bimanual_microwave_cook,rand_full,2,retry,47,false,1100,1100,0,0,148.1362488269806,cddaf6a3cd95af9fbfe2e2f702a8801142c07e154431ef90860029ba32196d37
bimanual_microwave_cook,rand_full,2,retry,48,false,1100,1100,0,0,155.78317165374756,ff3f1a422c016b43922cd453058a743a6bebcac06d33ec5fa0658ee68851a2fe
bimanual_microwave_cook,rand_full,2,retry,49,false,1100,1100,0,0,156.65374946594238,2d54f1ff5f4bff154c6bf2631ca1e5414e0d1a57a513cf9af47d16838ca375ac
bimanual_microwave_cook,rand_obj,0,retry,0,true,1028,1027,1,0,165.8683319091797,22dcf3c8434da49766022c03eafab93e6ae53faad99b53fa71e845f090e20f07
bimanual_microwave_cook,rand_obj,0,retry,1,false,1100,1100,0,0,178.75407552719116,8f1ad2c69d2cb900423b143c48ba996439c2d8bfcf9d24f9865f987956618913
bimanual_microwave_cook,rand_obj,0,retry,2,false,1100,1100,0,0,168.73386001586914,3e6e861582c0059198d09cfdc1375d483632a25084ec8f2e5c1c60f5a704b9e5
bimanual_microwave_cook,rand_obj,0,retry,3,false,1100,1099,1,0,181.801167011261,98892561aa60c728d93ebf8e1b194c13946e50efd3623b95ad7710fede622e37
bimanual_microwave_cook,rand_obj,0,retry,4,false,1100,1100,0,0,172.0865867137909,9c2b4f91bb01975d125c5e35623ecc3766ae7c344305892c7709e99903c7f616
bimanual_microwave_cook,rand_obj,0,retry,5,false,1100,1100,0,0,162.27968430519104,ede192256b5430852c0b7e76f445c67501cccd7f963c017db8fd7151175f872c
bimanual_microwave_cook,rand_obj,0,retry,6,false,1100,1100,0,0,168.57876563072205,1c4dd14bcda6003d541b95e85311e3ed067eb1b842a3d8780ebd467fe112d5f7
bimanual_microwave_cook,rand_obj,0,retry,7,false,1100,1100,0,0,171.6738612651825,39210fe0be3a8a0bffbd001d7e54aeb9d6367ff0158975684141f54b848d3d93
bimanual_microwave_cook,rand_obj,0,retry,8,false,1100,1100,0,0,169.9276840686798,cfbc7aeba036e447e2a8e1b0e448aea236940b38eca6ba251c17f0709f418bae
bimanual_microwave_cook,rand_obj,0,retry,9,false,1100,1100,0,0,179.33148980140686,e0ed510bff092ad5a41581f7b6ff4fd811588335b25898e6248033abe632dd5b
bimanual_microwave_cook,rand_obj,0,retry,10,false,1100,1100,0,0,167.45898461341858,2d2dd4bcdad29011ad586724b56bd161a0d3b4829d43dac5e160d5a9770ba6dd
bimanual_microwave_cook,rand_obj,0,retry,11,false,1100,1100,0,0,175.1114411354065,8fcdd0716439f7e482ecd3898a9a9a2d015dd1ed96b34dd7be242a98f97ed8c6
bimanual_microwave_cook,rand_obj,0,retry,12,false,1100,1100,0,0,166.54199290275574,25006f13b860ec88a19b924bfcadf8f36922b33d34cafdc2bf0ba324d2c5e9cc
bimanual_microwave_cook,rand_obj,0,retry,13,false,1100,1100,0,0,166.31576824188232,d0ff923204449fd3bc42fbca4fbc96d739dd8fdf608b32cbb015c52d48001466
bimanual_microwave_cook,rand_obj,0,retry,14,false,1100,1100,0,0,169.15612268447876,66127708be71cc2fa99d6d99ba9258214dec16c5eb301b6096dc906e7d28daa6
bimanual_microwave_cook,rand_obj,0,retry,15,false,1100,1100,0,0,173.66267371177673,4615644de2a87e2b9b24edaab6cc7d4de47c2c88f205aa762475b48278971347
bimanual_microwave_cook,rand_obj,0,retry,16,false,1100,1100,0,0,171.80047369003296,83a6f033e47574fa12ff13c686139ea5885fb428adabe4b4c269c0285dc5b927
bimanual_microwave_cook,rand_obj,0,retry,17,false,1100,1100,0,0,172.00441074371338,7bc476d9e51454efc2230df8840527cd99bfd41bd137856dba97fa696e4146ef
bimanual_microwave_cook,rand_obj,0,retry,18,false,1100,1100,0,0,176.3850417137146,e19cf8ab1f85a4a9667897e802dee1def2658f0fbc974fb996b1453f89601a1b
bimanual_microwave_cook,rand_obj,0,retry,19,false,1100,1100,0,0,171.34444952011108,963c7e742566586b680fea9dcd971b56d4e1e2ba450336671602b644113fb604
bimanual_microwave_cook,rand_obj,0,retry,20,false,1100,1100,0,0,166.3922097682953,b68b6e9ab3f76c881cf3b26192aaa90c54437c70b0bfc6a4d6efe7e24a72425b
bimanual_microwave_cook,rand_obj,0,retry,21,false,1100,1099,1,0,169.52238774299622,91c02c035a00e81afc75bff57fc2edd2b192c57899bc541cb2234d7bfb5ab680
bimanual_microwave_cook,rand_obj,0,retry,22,false,1100,1100,0,0,165.1524703502655,1507cc4e33c25a4d5a5fbef7a845a1329b3650aeac2f0f0e611cd9717b40f455
bimanual_microwave_cook,rand_obj,0,retry,23,false,1100,1100,0,0,169.46862292289734,18e7f21dfe2dffa9801bc5efb57bd97b5cb2da438e6fffe11fd65a4e29967e98
bimanual_microwave_cook,rand_obj,0,retry,24,false,1100,1100,0,0,167.36659359931946,af97f003c53f1cab278ed7ad4815a2ffee9b0ca12e359a7365341c575eaa7865
bimanual_microwave_cook,rand_obj,0,retry,25,false,1100,1100,0,0,184.46630334854126,9542e5086a580a7bb754e0b62a03d26dec3c8741942b9e5b98e6463d2e070cc5
bimanual_microwave_cook,rand_obj,0,retry,26,false,1100,1100,0,0,163.04404091835022,e7aa8d31020649aa24ad58a861f21d5aec554b760eddf3b858a03f1fd9cc0055
bimanual_microwave_cook,rand_obj,0,retry,27,false,1100,1100,0,0,162.32782125473022,d3ef5722f3b4188525e54af42d3382493ed1fc3e1a1739a2df843cf71fa23a36
bimanual_microwave_cook,rand_obj,0,retry,28,false,1100,1100,0,0,158.18305826187134,910bec3d59895b1c99a4b5ff57f288b36e3755eada43b1320422dff949dd9921
bimanual_microwave_cook,rand_obj,0,retry,29,false,1100,1100,0,0,156.52547001838684,4c6992621ae1b22ddea31a2db366eda149f0ddb17170a726fb4c965b4f4ccf4f
bimanual_microwave_cook,rand_obj,0,retry,30,false,1100,1100,0,0,162.7096540927887,89b6ef1ff752c4eadab155956f83f1d72a1ae0e23ff29e113e72687ef43e4e70
bimanual_microwave_cook,rand_obj,0,retry,31,false,1100,1100,0,0,160.97997903823853,5698a9db366a62cbb4c783ac3af16d1a7dcc9eb49534ecb8f908a95aa35a2236
bimanual_microwave_cook,rand_obj,0,retry,32,false,1100,1099,1,0,159.66493129730225,a96b664cb8fea87232eb5c5be0311ffe7e4330df36bc199000ae1f42199dfa5b
bimanual_microwave_cook,rand_obj,0,retry,33,false,1100,1100,0,0,160.8375382423401,757c47a8110042a5ef57fe12a2a973a47afbacec09f7349fac3a531eda2510aa
bimanual_microwave_cook,rand_obj,0,retry,34,false,1100,1100,0,0,164.65730237960815,3efc67672dace6b62d4c943b423d0f1ad92d88c242e5bfa89641a821118deff8
bimanual_microwave_cook,rand_obj,0,retry,35,false,1100,1100,0,0,169.90633130073547,77012d4942e993f9d521af27aa4e2b2bb50a62c22d4eaaf42101e24a213f109a
bimanual_microwave_cook,rand_obj,0,retry,36,false,1100,1100,0,0,164.10666823387146,7ba9f7d5b6500faac7827c0864f01a5b78863de0226533f4f126d56c9149ad18
bimanual_microwave_cook,rand_obj,0,retry,37,false,1100,1100,0,0,170.24841237068176,e7d8a52235ee48da6c2ca4d8a4a31439c5a9800b7afd92a61dfa0acc88d4d633
bimanual_microwave_cook,rand_obj,0,retry,38,false,1100,1100,0,0,164.0485029220581,9558152a59c20b3ef2a1308e3e3d6d303b500d9c9ff975fef20c5c5a1f5c681f
bimanual_microwave_cook,rand_obj,0,retry,39,false,1100,1100,0,0,164.0474123954773,f2a66f7bab61400597e69e89a5839a636a209e457d5778cd8f21fd765c775d0c
bimanual_microwave_cook,rand_obj,0,retry,40,false,1100,1100,0,0,165.21433067321777,77787db1ed7206fd9e9fd01fa28f699aeb31731257edcc3b2db477fb4615cecc
bimanual_microwave_cook,rand_obj,0,retry,41,false,1100,1099,1,0,157.55969834327698,75e06787c97d990beacb4b23df2aa4c878cc810ecea4b7eff5e35283502b1c97
bimanual_microwave_cook,rand_obj,0,retry,42,false,1100,1099,1,0,163.13939952850342,0abc831e0b18b3fe548616e43f408ee7a7ba9f32ac7b9375cdf9522ce0323edd
bimanual_microwave_cook,rand_obj,0,retry,43,false,1100,1100,0,0,163.27350687980652,49c54c934a6ca30e3c492840216fe17f8c16aa05dbccdb1370391e7ba9f75033
bimanual_microwave_cook,rand_obj,0,retry,44,false,1100,1100,0,0,162.18876361846924,9cc32688b0778954407acddf07fb00f097bddd39a14e7048e8d3174588d3b7bc
bimanual_microwave_cook,rand_obj,0,retry,45,false,1100,1100,0,0,162.3623571395874,998b4d9a27e41d0c334fad62cc6522a8ae3d78d01deca95e1ab5a33608fe165b
bimanual_microwave_cook,rand_obj,0,retry,46,false,1100,1100,0,0,150.45948696136475,bb3ce8d25692c9c4140e915c598c5efed002619d4d571f945b41103d459e5a99
bimanual_microwave_cook,rand_obj,0,retry,47,false,1100,1100,0,0,152.95803546905518,23b13c75a5ec4c196e4280640bb20ca37fb6c3c8f99e067b4a1da163d928faaf
bimanual_microwave_cook,rand_obj,0,retry,48,false,1100,1100,0,0,153.21682167053223,f00835c86362dbd8bea1eff0ef00b258f888c6ebeca4fe49d78e1c3bf67e939b
bimanual_microwave_cook,rand_obj,0,retry,49,false,1100,1100,0,0,146.1363263130188,37b1c24b7ac5d8010f4577346b88cccd9e099478a3d72f26f11dfe150fec5e04
bimanual_microwave_cook,rand_obj,1,retry,0,false,1100,1100,0,0,184.4374554157257,fa5f3709ee2072c9f5d832a955a6f51fbe0357266327bc91b5bb7376991e2091
bimanual_microwave_cook,rand_obj,1,retry,1,false,1100,1100,0,0,173.22665071487427,db3e39e76fc906ef8f716fbe067c7fb7343e8c09aae7c74d2b89caccaa8721d7
bimanual_microwave_cook,rand_obj,1,retry,2,false,1100,1100,0,0,173.15407371520996,def4999a5d514fd598c8b5910881bd29a6116362702e39685349e4bd0727d8cf
bimanual_microwave_cook,rand_obj,1,retry,3,false,1100,1099,1,0,171.6883945465088,415b79d73aebf438d6136efa2e1a07ab8491a832a3b98672edb3ac54a52e72c6
bimanual_microwave_cook,rand_obj,1,retry,4,false,1100,1100,0,0,176.46490788459778,e408df2be7e2f83d99818a290e317f1de8cb6517de3db8010919b7228e899a46
bimanual_microwave_cook,rand_obj,1,retry,5,false,1100,1100,0,0,169.6389045715332,d0d2fd7de2b999c1cab8ee476456994b4e8f8942e3e9472130b5efa191a316be
bimanual_microwave_cook,rand_obj,1,retry,6,false,1100,1100,0,0,179.23176527023315,2d5b4b873d32b983e613aebc7cfd42e7862dbdd37b77e19590e12cb1c640bf3c
bimanual_microwave_cook,rand_obj,1,retry,7,false,1100,1100,0,0,167.4491639137268,44b2b28818a13dd308f70e0acadc4597a2708ebd1ce150fee56c2e932600de98
bimanual_microwave_cook,rand_obj,1,retry,8,false,1100,1100,0,0,174.6312758922577,fc4e1f51193bcf5fd99fedf15babee8096eaea40e7659d8509ddd844813bd8e6
bimanual_microwave_cook,rand_obj,1,retry,9,false,1100,1100,0,0,179.11958241462708,275901c7b1585e35960099eaf07d54775f66bdc9ecc4a6687b6a9f72782004eb
bimanual_microwave_cook,rand_obj,1,retry,10,false,1100,1100,0,0,167.39425253868103,10798477c5d0c59f5dc639fc08b3a50e721c925b00930b24946031b0cc29e602
bimanual_microwave_cook,rand_obj,1,retry,11,false,1100,1100,0,0,176.97292733192444,ab8675a89741bd1e189e9abcde9d09c096d24bafd5dce896bde6bfab60b5bdbe
bimanual_microwave_cook,rand_obj,1,retry,12,false,1100,1100,0,0,163.73429942131042,1c9b8bd66f99b17e55c6f6a3f0492e0a24364663073e3e084cdb23fdc773108c
bimanual_microwave_cook,rand_obj,1,retry,13,false,1100,1099,1,0,164.54247379302979,c1214b6eaee5e261a56f7860037b6c911011f7cc33bb78200ba56953e22f6c71
bimanual_microwave_cook,rand_obj,1,retry,14,false,1100,1100,0,0,174.24919986724854,5453cba9436015970de7895500384bf0d9db8acff09a3a8ef03fb71ac0822f96
bimanual_microwave_cook,rand_obj,1,retry,15,false,1100,1100,0,0,170.98031640052795,eaed82d2e50ab1172bd6628bca18480d741285067754b389d2c64389b0b0a5b5
bimanual_microwave_cook,rand_obj,1,retry,16,false,1100,1100,0,0,171.08546543121338,9a442a8f69dfd563ab23f8ce250cce02e204a9272e4ac0541b9d8629d3b0e5cf
bimanual_microwave_cook,rand_obj,1,retry,17,false,1100,1100,0,0,174.47949719429016,830d425378f51c44666c512750fcc5b886250ddd8932a9837c31aecd838e74d1
bimanual_microwave_cook,rand_obj,1,retry,18,false,1100,1100,0,0,165.26498103141785,cd526ee70586c804912567de2d5d732af4bb9fe4c50ff878348ac26bf3ff295f
bimanual_microwave_cook,rand_obj,1,retry,19,false,1100,1100,0,0,167.237783908844,dfe1c0e6ef035388b54bfc8746457ee4befe14483007172684559d787e33f582
bimanual_microwave_cook,rand_obj,1,retry,20,false,1100,1100,0,0,161.5331690311432,6165714cd9341366d3c992428dc4bfb8b4a4b2b8f90c4e16b8dccc875f265027
bimanual_microwave_cook,rand_obj,1,retry,21,false,1100,1100,0,0,167.8965356349945,4ff6045eec023251cd2ab4706a85f330f2f897560bfae623d5321442db10bbb9
bimanual_microwave_cook,rand_obj,1,retry,22,true,1040,1040,0,0,160.36799836158752,4848fce03b7fbf5b10ce81846e91f0f4223cd5ca57ed30ae2d9143db74ac33f4
bimanual_microwave_cook,rand_obj,1,retry,23,false,1100,1099,1,0,171.0693383216858,c043d0c7d77b907e299721752a9976deb3c096c52be241a2ab7833a88e42da6f
bimanual_microwave_cook,rand_obj,1,retry,24,false,1100,1099,1,0,163.27336525917053,5a155c3aa82ad5698aadb82102f6610f5c985f85ab03fbf6f727b5defee44688
bimanual_microwave_cook,rand_obj,1,retry,25,false,1100,1100,0,0,160.10305213928223,8cc6f89ce56ee56c893d1203b50065ed4addfcbe922f4daba6e4acbc949194e4
bimanual_microwave_cook,rand_obj,1,retry,26,false,1100,1100,0,0,157.96913027763367,9e4242a375d8964a79554cc15d2206020f44dafa4defff92e6f8352506f7ecdb
bimanual_microwave_cook,rand_obj,1,retry,27,true,1091,1091,0,0,156.72468209266663,4a30bd48466bf4983b9aeb4b4641a7496adb4ac90dfa35031310386a238243ef
bimanual_microwave_cook,rand_obj,1,retry,28,false,1100,1100,0,0,150.3818724155426,d402145e50e8526dcb317ad16562972594e4e1f0b2a57b86f21daf72ad443272
bimanual_microwave_cook,rand_obj,1,retry,29,false,1100,1100,0,0,148.77179551124573,b0924d49da7890302218b6b79af242c5e9e176050493c9e0b6a92fcbc1f620e8
bimanual_microwave_cook,rand_obj,1,retry,30,false,1100,1100,0,0,157.5871138572693,f3503e262bebfc1d29e7b010e6a5738021159a126982dbac2868a95177dc6f01
bimanual_microwave_cook,rand_obj,1,retry,31,false,1100,1100,0,0,158.6699516773224,bc055de965f7f9607fc7b821b7011a1790fbf562902b0e09ac7b33b4f2a49c12
bimanual_microwave_cook,rand_obj,1,retry,32,false,1100,1100,0,0,154.8488826751709,6fb78f359bb9d39ffee447c47b7ec0fb8b97fc938a46d2656bbb827ee1f73a50
bimanual_microwave_cook,rand_obj,1,retry,33,false,1100,1100,0,0,151.1889624595642,2ad24da43c323920986ce9bef9650f918c915c6b8da814b67d54376455048195
bimanual_microwave_cook,rand_obj,1,retry,34,false,1100,1099,1,0,168.86835360527039,4d87a6ab1e28068af1790ab9cd20b96061b745fab8878f930c63bed9d02ff2c3
bimanual_microwave_cook,rand_obj,1,retry,35,false,1100,1100,0,0,152.89884281158447,61e691765b22083b1081d11b873bda56802ac6835608cdc0db63e0d6a84faacf
bimanual_microwave_cook,rand_obj,1,retry,36,false,1100,1100,0,0,156.8047387599945,079c0d2a1c0f466b6b40f3f7de1cf82f5f34f3afe00b0f66bfbb59d55f7a9e7a
bimanual_microwave_cook,rand_obj,1,retry,37,false,1100,1100,0,0,158.9535744190216,9dc1020bc5685582cde21ea0dfd5781711575ef8058baf4ea8529feccc874fe2
bimanual_microwave_cook,rand_obj,1,retry,38,false,1100,1099,1,0,158.9496147632599,3ff6199518bcc075e6a7794a6d3b49c8b00de02e316df05628861eaf9a86fc60
bimanual_microwave_cook,rand_obj,1,retry,39,false,1100,1099,1,0,159.93751907348633,735552482f00408c4710b4826709df7a43a762ec07b0100631d46998b0790116
bimanual_microwave_cook,rand_obj,1,retry,40,false,1100,1100,0,0,165.00749468803406,243700c2b795f92cb9b22d3e3918d91d09ca3839d7921fce662742016f83f5f5
bimanual_microwave_cook,rand_obj,1,retry,41,false,1100,1100,0,0,152.77582454681396,f207594e91a127e99abdcb07ee8d583888c9c13d4dce82520c54abc4e7c32832
bimanual_microwave_cook,rand_obj,1,retry,42,false,1100,1100,0,0,157.04798316955566,2ca427f82eb3e85899c17ffd76bfe2b3c257349f255e30df1da167156c20452b
bimanual_microwave_cook,rand_obj,1,retry,43,false,1100,1100,0,0,165.4392535686493,c2ceff2132277c843ef6fe3eebcb8680765314fce50f87c5d4b965f3d836e81e
bimanual_microwave_cook,rand_obj,1,retry,44,false,1100,1100,0,0,169.15921926498413,a97495218443dca9071fbef799333a46a7f678a2cf67986e74861bd51bf46849
bimanual_microwave_cook,rand_obj,1,retry,45,false,1100,1100,0,0,163.62860894203186,ba2f03dc0d154cfbe87cc33b0023c068ee2fb8876535d35fc1e8f557fb8dfcdb
bimanual_microwave_cook,rand_obj,1,retry,46,false,1100,1100,0,0,154.80865216255188,186da1f2444028b814857f7fea20ec3b8dc6eef9249fb6f71aaae37e64ed1ff9
bimanual_microwave_cook,rand_obj,1,retry,47,false,1100,1100,0,0,157.45514917373657,57917321b1cde1427df3d50220b0bb52207e185d6d16f540788a30f5625a27d1
bimanual_microwave_cook,rand_obj,1,retry,48,false,1100,1100,0,0,158.99124383926392,84c064eb7fafac3a52c173df246d8bdd562bc1fdfc18283724634b46bb1bc921
bimanual_microwave_cook,rand_obj,1,retry,49,false,1100,1100,0,0,157.45477890968323,6219d3063dd456f0f4141c1a23084708e7dd01639c12b842ee062d9b4a68dad2
bimanual_microwave_cook,rand_obj,2,retry,0,false,1100,1100,0,0,169.91947984695435,9e4cc8fb755b3ed8fea8c61a92191b5224fee52f910a584aa1cf07c31063bfd9
bimanual_microwave_cook,rand_obj,2,retry,1,false,1100,1100,0,0,174.12160801887512,10806abd4a26be7f9429bfa9c914cd22f02925c77f620f830db342382a57b6eb
bimanual_microwave_cook,rand_obj,2,retry,2,false,1100,1100,0,0,162.9185872077942,7b103fb03e0e6eedbf12043113a7aafcd056586985b08e8ae47e8feb6aec69df
bimanual_microwave_cook,rand_obj,2,retry,3,false,1100,1100,0,0,164.42425417900085,38faf822666b63b9c4a1f0130f11f86004e605a08372b1413840869435610836
bimanual_microwave_cook,rand_obj,2,retry,4,false,1100,1100,0,0,164.7720422744751,70b31199d7aedfa9f2b045c1f58a20cfa996caa55d949e18d7c12b618c314762
bimanual_microwave_cook,rand_obj,2,retry,5,false,1100,1100,0,0,161.99088883399963,e38742b3f61eae0dbd4cc3792c69e078b5c361615834773c4808a94bd4d519c8
bimanual_microwave_cook,rand_obj,2,retry,6,false,1100,1100,0,0,163.55937576293945,d13ac3a20822744e5d46eb2b27e2595afe087166835d1f7f067cd4dd00b8ae35
bimanual_microwave_cook,rand_obj,2,retry,7,false,1100,1100,0,0,164.6100208759308,ad8484477b71ecb898bc67884346d542fae9c63a4cc4583b8487e5610ff494df
bimanual_microwave_cook,rand_obj,2,retry,8,false,1100,1100,0,0,161.10917282104492,d60ec4540e93165757624e0b67e1b05792a2909a9bfb15c3916d4275fa7a91b7
bimanual_microwave_cook,rand_obj,2,retry,9,false,1100,1100,0,0,162.0834596157074,018636420943863c8f07d95835bba738fb9cd888cc0ab238ef6445e9aa6068d0
bimanual_microwave_cook,rand_obj,2,retry,10,false,1100,1100,0,0,172.3449981212616,a70e86aacf811808e78b7609e65c76c9804de8b447ff83e394dfefc77719c3c6
bimanual_microwave_cook,rand_obj,2,retry,11,false,1100,1100,0,0,164.1676664352417,86a9800fd753fc095518506ac7e0df9db76fa846d0b779548e2ab95d26350139
bimanual_microwave_cook,rand_obj,2,retry,12,false,1100,1100,0,0,176.56190061569214,fc5f22727c98c3c2545a2085b7a228f027a66aa733e209f801e65829f6ca2a4b
bimanual_microwave_cook,rand_obj,2,retry,13,false,1100,1100,0,0,161.67089462280273,2931f3e6452324fefa45537915a4a9b0263ab5b531fe474a19d4708b58c79094
bimanual_microwave_cook,rand_obj,2,retry,14,false,1100,1100,0,0,162.0545780658722,735f31d09856c3de9bba8fedefd8f840ae9bfe28ec22e076c50b55245ce06c18
bimanual_microwave_cook,rand_obj,2,retry,15,false,1100,1100,0,0,161.66413283348083,b42c0649ad33f58a70ec30c29df31b6e42ff91dafbd38983b918569ee2c64fa1
bimanual_microwave_cook,rand_obj,2,retry,16,false,1100,1100,0,0,172.06355142593384,1be3c53234f0229690c9edaaf81e08b425d427bb3ec3b9ddbff42b243f90a1f0
bimanual_microwave_cook,rand_obj,2,retry,17,false,1100,1100,0,0,171.30692052841187,8e8e4120e00f3d2c4125e8ae016e28929b25f5a4fc842c23147712e8ce324a16
bimanual_microwave_cook,rand_obj,2,retry,18,false,1100,1100,0,0,163.4538037776947,f463413cd67e4d318626ca31298b990af5ee89b8dd6c562959992dad33cf4828
bimanual_microwave_cook,rand_obj,2,retry,19,false,1100,1099,1,0,171.09112215042114,39cb3793da8af25019f508ae18aa9ec123513c27d9d5d3b1cc68b5f802916b18
bimanual_microwave_cook,rand_obj,2,retry,20,false,1100,1100,0,0,164.4869179725647,0ec7ccfcd6388c15a1c70740ce3161471513c979c02e538c775aa2afec1641f6
bimanual_microwave_cook,rand_obj,2,retry,21,false,1100,1100,0,0,173.7095754146576,9b63e3f5110a2abab84edaae976117622b2e6a089aea791d58261bf74b65038b
bimanual_microwave_cook,rand_obj,2,retry,22,false,1100,1100,0,0,161.15727257728577,a9900bca4f1f83188a1098ee7e5c06ccb791f0eaab3af5bf0922b1b941a3972e
bimanual_microwave_cook,rand_obj,2,retry,23,false,1100,1100,0,0,173.91111660003662,48ccb62812e7395f30a15f1fc9ada6d07bebff0d3c1dfc1b563f32eae1d71e14
bimanual_microwave_cook,rand_obj,2,retry,24,false,1100,1100,0,0,169.35132884979248,d5de5f9ac62a06b31929b3eb20e77f4d02c38e835c1ed4ff027ac6681bbf47dd
bimanual_microwave_cook,rand_obj,2,retry,25,false,1100,1100,0,0,172.19402766227722,4505138d6bae1994f94a1f3f47bfa958fc1651e6377480884b01ab31bf8d76b6
bimanual_microwave_cook,rand_obj,2,retry,26,false,1100,1100,0,0,157.87458896636963,e3b4b7e5806c21c16edd3229f90dfc839032b214777aba57b940c1bf33e66328
bimanual_microwave_cook,rand_obj,2,retry,27,false,1100,1100,0,0,155.1151418685913,65cc0c976998bbb86151cdef6c2e6b7e9e3cfde5d60fcb2c6f4910523a67d95c
bimanual_microwave_cook,rand_obj,2,retry,28,false,1100,1100,0,0,156.81341910362244,3a28f1fe1bb22ddf5a397663c74cce86ee32597b31e85cc4eb09475093139869
bimanual_microwave_cook,rand_obj,2,retry,29,false,1100,1099,1,0,155.17117524147034,9f0c4f5622499bbdfd5325d902212f487dd53d59c784f3bfd139f4b4e3066954
bimanual_microwave_cook,rand_obj,2,retry,30,false,1100,1100,0,0,154.7725110054016,233eaf70d93437236038c9c3aa4dc3e9bbf68e4f14b61e6cf19ca758cc367360
bimanual_microwave_cook,rand_obj,2,retry,31,false,1100,1100,0,0,157.64465355873108,5bfe83c3fa71b974dbc120fb4853903d4a72598ab0c4618f7adf9ac4ebe964f8
bimanual_microwave_cook,rand_obj,2,retry,32,false,1100,1100,0,0,161.79111409187317,108818f9ff8fdbf01ef5085eb2d83367acbd4b96b34307af34877baa3e6223ca
bimanual_microwave_cook,rand_obj,2,retry,33,false,1100,1100,0,0,153.71966552734375,05d6eb796bc7ed09547896c31eec711948ef4b79373865d2578b298746bb4166
bimanual_microwave_cook,rand_obj,2,retry,34,false,1100,1100,0,0,165.42553663253784,7e9cf9c1de8b04a96056cafa03fbd7f9eed464f44e7500fec2427d7991e73e55
bimanual_microwave_cook,rand_obj,2,retry,35,false,1100,1100,0,0,160.7281699180603,f25692d88546f56770b98cca9e99ae13254c29b7107739608d8ca7de3763d84a
bimanual_microwave_cook,rand_obj,2,retry,36,false,1100,1100,0,0,162.04606318473816,8a09db5acd069605161e425df5c82bb25a874fdb4589be560c3e073d69edbbe2
bimanual_microwave_cook,rand_obj,2,retry,37,false,1100,1100,0,0,161.88515710830688,73c1dd091650172eeea404effb4498090dc4b452ba6457b0775f733affd0d271
bimanual_microwave_cook,rand_obj,2,retry,38,false,1100,1100,0,0,166.54925394058228,5b81859df8f488f83c0f054b612eb20673e6eec949cab75c301e518b73ec8104
bimanual_microwave_cook,rand_obj,2,retry,39,false,1100,1100,0,0,164.29740524291992,b4ced436c91686caf90ae819012d5c67c9fe8854df9dba89817ab695839da2b2
bimanual_microwave_cook,rand_obj,2,retry,40,false,1100,1100,0,0,161.8520483970642,5a5612ee809378b0e6adf32de9831b0b2b76e04df5732ab87bec38b3f6947a78
bimanual_microwave_cook,rand_obj,2,retry,41,false,1100,1100,0,0,158.9307861328125,f02fb56e2f995c09e78b6729a0f1b501c6905ba401b0668b94e843a473a7c3dd
bimanual_microwave_cook,rand_obj,2,retry,42,false,1100,1100,0,0,158.74817085266113,0791cfb7814d3fe4f6f0c73a59d08e0e4e255dfa34ba42a0e342f83df85b6d39
bimanual_microwave_cook,rand_obj,2,retry,43,false,1100,1100,0,0,159.81858801841736,1786980375ab4d1263d62912da7ff058868312ef43e17649b047878545db4acf
bimanual_microwave_cook,rand_obj,2,retry,44,false,1100,1100,0,0,171.96300196647644,add30e4f978158aa7af89f0cc638dbbd29fcc7696ccccae2c65e1b7ac33dd021
bimanual_microwave_cook,rand_obj,2,retry,45,false,1100,1100,0,0,164.90250205993652,f9fde0fba33940ccee070bc1f87622ffbe6dce03cb761f328f07d24deee261ec
bimanual_microwave_cook,rand_obj,2,retry,46,false,1100,1100,0,0,165.32828378677368,ab385208fbbb37370ce6738984755ab5955a5303801c28c8fa676cd5aa3545bf
bimanual_microwave_cook,rand_obj,2,retry,47,false,1100,1100,0,0,155.558349609375,2d1fd3454e7e395f1555cd21d7f20082853b2d7ef5ce9289e3086fabd6773b61
bimanual_microwave_cook,rand_obj,2,retry,48,true,1030,1030,0,0,151.91216683387756,cc9cd803809542aaa0d0d4f36822f5dbf18e0888d26e2bf4702f111b8384f3eb
bimanual_microwave_cook,rand_obj,2,retry,49,false,1100,1100,0,0,151.35538339614868,9a2c2e7e49ae0769099bdaf4f337647a8130d4247605f97be1006586ae7127e6
hammer_nail,rand_full,0,retained,0,false,1000,1000,0,0,121.53754568099976,f4ace2313f60e409d40161b391cb0358418a9ce2ad49d5c1128228e1f07ec0ce
hammer_nail,rand_full,0,retained,1,false,1000,1000,0,0,118.49072623252869,64cef9a8463d13c96969a4aaad0b4397e1191d028875f4c294ee00456474f19d
hammer_nail,rand_full,0,retained,2,false,1000,1000,0,0,121.15259647369385,17d07a7026847cd068a62e998365f53bedfb14f784ebb94064fc288e5d7cad05
hammer_nail,rand_full,0,retained,3,false,1000,998,2,0,120.17480063438416,45671c0fe94e7334fdf11b8bf9109046e7bdd7e096f0c06a2ad5250244bba4d2
hammer_nail,rand_full,0,retained,4,false,1000,1000,0,0,117.3653211593628,d54968f9efddc37184644a7772f1ba1557b9f08cc2f917504ac394b1d4a4ac03
hammer_nail,rand_full,0,retained,5,false,1000,1000,0,0,115.21028208732605,af797efc0d13dd76f8892bc2d0463c29e41a7f50fda32db3378e7e5283c555d4
hammer_nail,rand_full,0,retained,6,false,1000,1000,0,0,113.230947971344,792551222ece8f6934cd635852b4d02652c75a5fd17ec0ea94e24f0474740768
hammer_nail,rand_full,0,retained,7,false,1000,1000,0,0,116.99661111831665,e0ee57d6f9ef8b582c624a5666626637e29e789888d18f74b0ccf2ae1f2a3103
hammer_nail,rand_full,0,retained,8,false,1000,1000,0,0,121.18405365943909,96f22b2e2ab5b9957ca303aa0b04400007ba224178ae71d9401169651869ec4a
hammer_nail,rand_full,0,retained,9,false,1000,1000,0,0,116.50057053565979,eb4e6351d567be1e72425d8aabdb7c6cac45942ec98c0acd2c38f05044793259
hammer_nail,rand_full,0,retained,10,false,1000,1000,0,0,124.97921228408813,e38573778d21b8b0ed63fd3344f0406f7613068c0d06401858b5b6d8a9dff5be
hammer_nail,rand_full,0,retained,11,false,1000,1000,0,0,118.26359248161316,26b2184d6881b4080f7dca62bebfc1e5dd14a45e752b768823957b71d895a133
hammer_nail,rand_full,0,retained,12,false,1000,1000,0,0,119.82019472122192,06d5a0eee605b2a1d86ce0f2359e8396782d71af6095ac91fb772dd188852741
hammer_nail,rand_full,0,retained,13,false,1000,1000,0,0,117.8814206123352,07ed2fd29b3088eb83c85c53c260b30a0ff6278ab74b19bb6f24cd79519631e9
hammer_nail,rand_full,0,retained,14,false,1000,1000,0,0,115.48182153701782,0544c24f24953c8fb01dfb37c1f42ab341da2261b44c4504bfdab49eaf4b10ae
hammer_nail,rand_full,0,retained,15,false,1000,1000,0,0,119.87054300308228,9ac4c2f1f0dab439d4fa6749b2bd7b2078ec1fe24f42fe8314bc34ba5ffcd33f
hammer_nail,rand_full,0,retained,16,false,1000,1000,0,0,120.69141244888306,0f86e6ba4cc85ba42f446b4670917ff1f577bf38fd8176ee0fd2edfa000333d4
hammer_nail,rand_full,0,retained,17,false,1000,1000,0,0,117.80757236480713,513290dff23f2ce834a4436dcffd48242b9fa20f8828caabea87126c7f0f1116
hammer_nail,rand_full,0,retained,18,false,1000,1000,0,0,117.8520359992981,d438c2dfdb8062f441d6461b8f2da827246ff29bdf54119443d6e0182066197a
hammer_nail,rand_full,0,retained,19,false,1000,1000,0,0,115.06712603569031,847351d5c0969c7ca3a2ce7b2c79e5644d4b986e3c9d779ff4e294431f7309b4
hammer_nail,rand_full,0,retained,20,true,461,461,0,0,56.5904815196991,6a2c3775bc9065a44842ffc7b064f120b2bfbb3663632dd67cae9e7169386975
hammer_nail,rand_full,0,retained,21,false,1000,1000,0,0,115.21484971046448,3c024d7c688b584e623ca4f4229d83b15f10bc5bcda37ba8f594dbfeec0a0575
hammer_nail,rand_full,0,retained,22,false,1000,1000,0,0,117.12168192863464,4b17b8a56bcc4a7d617728162d8aade3c0387c3a657f208baa959f442cf0065d
hammer_nail,rand_full,0,retained,23,true,434,434,0,0,56.72140192985535,ce2d2b0a97c8d2590ac00d37fff1d227783878afbd8554b1ab143b3fb28e6a67
hammer_nail,rand_full,0,retained,24,false,1000,1000,0,0,120.0264880657196,a01cbbff9fcdcdac9ba5ca77a5d12250962bc70dc6e88e90d08071c27fc025ee
hammer_nail,rand_full,0,retained,25,false,1000,1000,0,0,118.73876762390137,495ba684ed707a172cfa12145e7f65ce893fb553190d79ce46dc201b6ad35548
hammer_nail,rand_full,0,retained,26,false,1000,1000,0,0,118.99249720573425,83bdd9ab3199784a7f743474808c7a3dfe04efe049f44f84ea9201c09aaf540f
hammer_nail,rand_full,0,retained,27,false,1000,1000,0,0,115.7775297164917,cd34ecc25fe49ad42810fe7802d132adc21b6188639c4690201dd8b304704ee8
hammer_nail,rand_full,0,retained,28,false,1000,1000,0,0,118.96311473846436,48948747e3acefbee64671d899481ef0c205c072703ba4c09c9da0bc1d856f7a
hammer_nail,rand_full,0,retained,29,false,1000,1000,0,0,121.29127287864685,53abe2ae450936d2502a4d7658f0414bfd9d7eff5fa2a3be2cf28b41281dfdc8
hammer_nail,rand_full,0,retained,30,false,1000,1000,0,0,114.9108350276947,61a738fa84d4b425327768e8add58b47f772610d37b2ae8a0610ac5276e55a6f
hammer_nail,rand_full,0,retained,31,false,1000,1000,0,0,122.52498984336853,a181d91f9476d4eb7bb17dadfa7c2ec7b5eb9465a5db095bf2f7fbe5121297ac
hammer_nail,rand_full,0,retained,32,false,1000,1000,0,0,118.78362107276917,77763e1797a840fcf759c8780add366960df63a7c54e107a87e33ef29f344cf8
hammer_nail,rand_full,0,retained,33,false,1000,1000,0,0,119.12029957771301,bd9de906b5feedf6f3861039eeafa9aed6d4861b961e209a4c1a5da97b299e8f
hammer_nail,rand_full,0,retained,34,false,1000,1000,0,0,122.74461722373962,1aecfd9d74aa88b7d807c59cdaa835eb195b261e843d3b50177e464fe9eec0eb
hammer_nail,rand_full,0,retained,35,false,1000,1000,0,0,116.62776947021484,9bc015a5a768cfa201c4eeea602fcedbc227975e641a1a840efb7821b0105d5a
hammer_nail,rand_full,0,retained,36,false,1000,1000,0,0,117.32706832885742,e8b8199e8d2d55ac6883675bb3446c7be52ffac9dbfdf36f92f13652a0849373
hammer_nail,rand_full,0,retained,37,false,1000,1000,0,0,115.99624991416931,bb935b24a716ae4fc5f0afcf99b3a2c148e21497de99d0c40b6fd6b9d7ba5091
hammer_nail,rand_full,0,retained,38,false,1000,1000,0,0,118.264328956604,2fa8c6dc08dca484150f669db0cefaf8f013ee044e15ed66208e295f4d9982da
hammer_nail,rand_full,0,retained,39,false,1000,1000,0,0,116.1714026927948,9eea0d03d1b8e87707c48ba69e54d47e7905eaaf263ceb7b745254e4c6e2bdb8
hammer_nail,rand_full,0,retained,40,false,1000,1000,0,0,119.31873631477356,69896b53a5642e61117adff1679fc00b2de095083a54bb8c76381a401d09f4cb
hammer_nail,rand_full,0,retained,41,false,1000,1000,0,0,114.58703017234802,8ef4176f608d4cbec8f1077f6d495facf280df168b410519811804ea7f365b8b
hammer_nail,rand_full,0,retained,42,false,1000,1000,0,0,119.2137348651886,4c3e84e479eb4d1cf5ca0756e43c5fc201c9a0ccc3356d98f9235ff5d244ca35
hammer_nail,rand_full,0,retained,43,false,1000,1000,0,0,119.00985050201416,a72d3ac048f9866cd24564f491f9f898bc7a4c9adfd0212ed516fdfb687a4cc3
hammer_nail,rand_full,0,retained,44,false,1000,1000,0,0,117.12617659568787,c196581dea42bf9774d3caf7d7b1992c18de941d885c24246ae4c283d5fd5c1c
hammer_nail,rand_full,0,retained,45,false,1000,1000,0,0,115.21932458877563,b757ea0d8b78dde1902c4310067b9fc2e0ce52a2371fe763b3476557c9f9998f
hammer_nail,rand_full,0,retained,46,false,1000,1000,0,0,115.7424476146698,f68a4598fb9bebf4b09605e7abca46f578805dd52545c99e0e4055c5f2f9122b
hammer_nail,rand_full,0,retained,47,false,1000,1000,0,0,115.69949102401733,45821685def782242322b5ba38ca3e8f43712281f3b164f935fb5278ae0f89b9
hammer_nail,rand_full,0,retained,48,false,1000,1000,0,0,113.52429866790771,af6025a57288f4de7e39cfc4c7ad2c888f892af013f69bb0e63a2c15495a6a08
hammer_nail,rand_full,0,retained,49,false,1000,1000,0,0,113.17555069923401,48b46261b591dc3709bf9af93a2cb6235327c2721f8fc2bcf72026dea2765b09
hammer_nail,rand_full,1,retained,0,false,1000,1000,0,0,130.5047345161438,2c4dda70b65bacc8ceab1784787a8b02321d945669078fab3ce3bcab45506e2f
hammer_nail,rand_full,1,retained,1,false,1000,1000,0,0,121.91176009178162,680376e45336f98f7b10bafeeec58eb59eda9cf38e7c8f52cf38c58e0e82ece9
hammer_nail,rand_full,1,retained,2,false,1000,1000,0,0,122.5633316040039,bba6c6d730f359d5366fa59a80c92bf94a1053a8129ffb0b061325093e27c303
hammer_nail,rand_full,1,retained,3,false,1000,996,4,0,116.78989458084106,31d3bf618de649c43db5e13485a5c07a0f4a91771b61a8a130f82775629ec229
hammer_nail,rand_full,1,retained,4,false,1000,1000,0,0,120.93168640136719,ea6215fbcacc1187bbf2081d5fd4d6a67bbde4a89d1b8bc637bf558a7b88a299
hammer_nail,rand_full,1,retained,5,false,1000,1000,0,0,119.49910569190979,6fa9750339ecafc7c7c1887ed05a7c652ed31aca692543d05f7bc2bb44d6de92
hammer_nail,rand_full,1,retained,6,false,1000,1000,0,0,115.10706949234009,e5725a6bb8136a2a55e3e79c5c8a3da58fbfd1b84564775ab6e2a9bea184f44f
hammer_nail,rand_full,1,retained,7,false,1000,1000,0,0,120.85572004318237,0bb7cf4e898f3d06f477cb094208b4ff04a51602c7eced36a86919799dd8b87e
hammer_nail,rand_full,1,retained,8,false,1000,1000,0,0,120.57478928565979,8a29336f3c23ffa500ee700f14cd58387bf5bcdf6aac4e532675fc5e9378e034
hammer_nail,rand_full,1,retained,9,false,1000,1000,0,0,128.46048831939697,ef2de351bb997a949cc4a7460b354c85a6d7d5cded4a8f7984f204519ca1268a
hammer_nail,rand_full,1,retained,10,false,1000,1000,0,0,117.84621214866638,9b456fa0ed709a7528c8df88cfac06d3dcd590bc0978abeee51fb8b74afa49bf
hammer_nail,rand_full,1,retained,11,false,1000,1000,0,0,120.15126824378967,81a5670139af471ef1926034b3adf66bc3290ecf42bf8580777c5937af23826a
hammer_nail,rand_full,1,retained,12,false,1000,1000,0,0,120.10220265388489,2ebd8331a0e78e13b797b236d3c7f429e227086f1537a47369401db1989302ac
hammer_nail,rand_full,1,retained,13,false,1000,1000,0,0,117.63040733337402,ffd31546ae6ad31b4c898bf9af2b4e09438b0d2c49b8ac35a0191e9773cfa3f0
hammer_nail,rand_full,1,retained,14,false,1000,1000,0,0,117.29384708404541,848568917bc94e518aa643a7b9cf02d811562f3e47a5cf7c7a5af805efd5fe02
hammer_nail,rand_full,1,retained,15,false,1000,1000,0,0,117.9004430770874,1c1c183a52e59759d14f407dbca204f496188cc07b860694ec1e359c41c36c33
hammer_nail,rand_full,1,retained,16,false,1000,1000,0,0,118.91648602485657,64da6ebeeeaafd906939b145606db0c9a0c05824c1b3ae8b3cc57a6a33df3fe5
hammer_nail,rand_full,1,retained,17,false,1000,1000,0,0,117.37374711036682,2bc13757111ab99460040c4cc9334841e9528ee1fe9b187cafb2359e3442c83b
hammer_nail,rand_full,1,retained,18,false,1000,1000,0,0,116.70967936515808,7a813f8e2c5a6c7aa8dcec3efd938f1e02d43951fcdeb9921ad503723450acc6
hammer_nail,rand_full,1,retained,19,false,1000,1000,0,0,114.7276291847229,2001e0c07f7e60c331c62502665edc6e37989a8c8ced13e414f90fb4dc1cebcd
hammer_nail,rand_full,1,retained,20,false,1000,1000,0,0,117.29049324989319,e5ff07d64723a43f70da09437694aebae72997b3e85e0a373c84a71c5a893e78
hammer_nail,rand_full,1,retained,21,false,1000,1000,0,0,116.13189697265625,bb00a666f176184ea45ca0543b6127a1df6566ba8a45226f023c969e9ba615f8
hammer_nail,rand_full,1,retained,22,false,1000,1000,0,0,116.5028669834137,a7f04eadc6f6fb298310c20166f0ceb6ab0abf161b272559f2afb84e3f54ea70
hammer_nail,rand_full,1,retained,23,false,1000,1000,0,0,115.87252855300903,2e7a8b1651f32a9f83cd83fe3a7b599936b451e29aa96d64d16dfbb29f831346
hammer_nail,rand_full,1,retained,24,false,1000,1000,0,0,120.47397327423096,5ac254856f0c60475dbe9f0670add32a84936b43a52cfec8f79244995ad435a1
hammer_nail,rand_full,1,retained,25,false,1000,1000,0,0,119.84205889701843,7db702768a2d781daa15448f88f8eb96b9b8fa0e823a1f5a42ca88f8b79d96f5
hammer_nail,rand_full,1,retained,26,false,1000,1000,0,0,117.15601444244385,c36199afe5a1bb5a30291f045424af8c02567794fb6e4708ac8e1d92752cc33e
hammer_nail,rand_full,1,retained,27,false,1000,1000,0,0,120.04022145271301,b6e17c3bbeb4e9a7e7b32acc9b4516dbe5ec70dfff7230ec61d5d63a14278d2e
hammer_nail,rand_full,1,retained,28,false,1000,1000,0,0,121.2693567276001,f383aa936963c4bacfd778e7fcfe84f18615a00fb7826255761a945d0d87da5a
hammer_nail,rand_full,1,retained,29,false,1000,1000,0,0,115.88341808319092,17ad27dbb38f5909dc237d57b174c406902609ca2383d971485b1cd61cf61f74
hammer_nail,rand_full,1,retained,30,false,1000,1000,0,0,120.0564181804657,87a4499f04692bbf2736d7a10fe07abe5be08732f87501fe8f4c33ef54a9eb1a
hammer_nail,rand_full,1,retained,31,true,322,321,1,0,43.659300565719604,1de986a0756c0a5a7b1f07048fe2d298d461d08a3a91748233c199bce427093b
hammer_nail,rand_full,1,retained,32,false,1000,1000,0,0,118.89110088348389,8ff29c4ef6ee38f262ee05604d03be884afb41fecdc58e1bde561cd0d3a37bf6
hammer_nail,rand_full,1,retained,33,false,1000,1000,0,0,129.45566201210022,23fb87cc15e4c661fc1692ba65cbe15a4f55e2782ec44a7908d6bacc4f13a95d
hammer_nail,rand_full,1,retained,34,false,1000,1000,0,0,115.90740466117859,781bd7f6dc188702d6a54a424ad2e2d9890a4a247e5eb97d0752771df2437c0a
hammer_nail,rand_full,1,retained,35,false,1000,1000,0,0,119.07473993301392,e30418b9644fa8ce7fd6186d730c0e4c4901f7bf2d763df2bb6d6edf9db72731
hammer_nail,rand_full,1,retained,36,false,1000,1000,0,0,117.02284216880798,80c921a4b4ff9fe67bd7e6b673bf0a3849f92a92a49f11d464fc746243262d3c
hammer_nail,rand_full,1,retained,37,false,1000,1000,0,0,117.77518630027771,e0bbb965b72d8840e93c3d3f74c53479a48a51d83763fb6ca912ed3245601def
hammer_nail,rand_full,1,retained,38,false,1000,1000,0,0,114.50092959403992,7be30c2b036841288bf3c403ebd209d8d1c86aa24e502a87d4f358a060c25dd3
hammer_nail,rand_full,1,retained,39,false,1000,1000,0,0,115.6641013622284,65bfc311c25183a487152f18227df8acbc94350e6d25cfc2095c46dc367ec130
hammer_nail,rand_full,1,retained,40,false,1000,1000,0,0,128.44240498542786,76158af42b77641670b3aa47b010fb7e719b947a8817380b431d8fc02abecdcf
hammer_nail,rand_full,1,retained,41,false,1000,1000,0,0,118.98670029640198,8c0a40f0b648c38431fe5290c3c9d05cca59415695341baa47d4c164c0e6fe01
hammer_nail,rand_full,1,retained,42,false,1000,1000,0,0,118.54600954055786,add8aae2a09e67f0c6d78af62f912692c2c4c30c6b42b6648297eeadf91ea665
hammer_nail,rand_full,1,retained,43,false,1000,1000,0,0,115.47494006156921,d5050711b98676bed048b730d52b8cef25c0c3899ca738806b38ee73e0a37957
hammer_nail,rand_full,1,retained,44,false,1000,1000,0,0,119.59281420707703,d0faa307cc7adb443cfaa5072b2f31b91c5a4b2de7dc9c6afc696941b5d5c0d4
hammer_nail,rand_full,1,retained,45,false,1000,1000,0,0,119.9274230003357,5f2f09557f6d3cb8282a50ed96d373512f7b54923b348a8cdd7cf0094a93df8f
hammer_nail,rand_full,1,retained,46,false,1000,1000,0,0,117.54276490211487,84f7084594c014e3acf896f4a9d07b6c9b6a61681b04c76e2b9c8f6763353940
hammer_nail,rand_full,1,retained,47,true,462,462,0,0,56.88306713104248,6edc9f0791211a7d9552cada302306ae65a712dc6aaa3a4228f8f5bcdf5841c5
hammer_nail,rand_full,1,retained,48,false,1000,1000,0,0,115.5249092578888,ac4969b7ac80373f78ae987897ab44f6832fb9374d30a89bc44e9b878705484e
hammer_nail,rand_full,1,retained,49,false,1000,1000,0,0,111.0773241519928,b8a1b23eafa3c292a4f8acebddd6790b216924f5b31c0bd36146118c8d0cc7ff
hammer_nail,rand_full,2,retained,0,false,1000,1000,0,0,118.61051869392395,a13ce2351f2b1b1b2d74d4be3d0c697569f387e00eea8ffcf1f52b7f1170cac3
hammer_nail,rand_full,2,retained,1,false,1000,1000,0,0,114.64759588241577,febcc605b390c5379d605489571abf19630892354216dd3172ec06042f855e17
hammer_nail,rand_full,2,retained,2,false,1000,1000,0,0,117.2042589187622,fad156983a544a26ce3fa9026486612cc994ba2486de307794d86aa4d14e54b2
hammer_nail,rand_full,2,retained,3,false,1000,996,4,0,116.23712587356567,ce5950d8f7a908b13e26872f3d1738ee1a8d310927bf31ea48cfa95ec3b2ae2b
hammer_nail,rand_full,2,retained,4,false,1000,1000,0,0,116.08670449256897,9612a60130a38b31f54f5db752916e480d551079681e0cae8bc2b36145ed6d14
hammer_nail,rand_full,2,retained,5,true,445,445,0,0,56.60652303695679,4b4c56a4e9d402b11dc212e5b1d1feafa70840dd6df2818a3157e7f03cf69f95
hammer_nail,rand_full,2,retained,6,false,1000,1000,0,0,119.2565050125122,690bbfd4b783e5ebd1666b79d4dd0754754f390964835809c8e271ee2d6b008e
hammer_nail,rand_full,2,retained,7,false,1000,1000,0,0,112.47735023498535,a5e99fe0d090f2530153d072b3a025de1e9d18f340a139f7bf08abe5f033ea5e
hammer_nail,rand_full,2,retained,8,false,1000,1000,0,0,115.7966742515564,0fa7ba2c4c8eb538f149f1a93b8c09f118054fdded8c1a3b0851129971066df7
hammer_nail,rand_full,2,retained,9,false,1000,1000,0,0,124.16504383087158,c7c46f5cdec6ad7c93ce3997452c6c7bd25d1b2fed74792c9d17d93cb0e01843
hammer_nail,rand_full,2,retained,10,false,1000,1000,0,0,117.95645046234131,cedde95ce03cf35c210913273811992f071e8505b92ddc4f1f19c78915679568
hammer_nail,rand_full,2,retained,11,false,1000,1000,0,0,113.8746862411499,52e1d50f5dc52e9fa0b439d040d1d34fa428436a5aac22832ee83025c4ae029c
hammer_nail,rand_full,2,retained,12,false,1000,1000,0,0,121.29065275192261,b4e3896dc797810561353f7d73d0695042f54701857a97ee81e0f8f78fa0e4a1
hammer_nail,rand_full,2,retained,13,false,1000,1000,0,0,118.2533164024353,e23536e99dc9903b429e007ec031e4d7add46f86df72ab18b667dca0456edd3a
hammer_nail,rand_full,2,retained,14,false,1000,1000,0,0,115.98747563362122,a00d5813a960cd53de076903cca9922306c8dff4e423d7bb7fe5436ffcf99ee4
hammer_nail,rand_full,2,retained,15,false,1000,1000,0,0,116.71674013137817,ce73c4aaca6bc638b618b187d3f46bef8a5e15e84a8441769a715d4d8c0e35df
hammer_nail,rand_full,2,retained,16,false,1000,1000,0,0,116.42755794525146,713b164e055764913f779b755bb5c83b9c2d3acd2c1febd7b02fbc9ca16631d9
hammer_nail,rand_full,2,retained,17,false,1000,1000,0,0,116.95629000663757,998d380794ec4d2a5fe354e423312437be7f608e1d5f758aabf479d730ff3dc0
hammer_nail,rand_full,2,retained,18,true,458,458,0,0,58.83906698226929,01409f9126a55dbea00481e144a27835ccc5728acdab439a5c1e3098aa98d607
hammer_nail,rand_full,2,retained,19,false,1000,1000,0,0,112.7671251296997,8bbf66f0db97fad23a5ef29272a15142a0b4c15f26dc13a0992a8cebe9e574f7
hammer_nail,rand_full,2,retained,20,false,1000,1000,0,0,113.83267021179199,80e9b5744b090bf3b7959ef3de152f062b69ce908e8b673a365072fabede4f48
hammer_nail,rand_full,2,retained,21,false,1000,1000,0,0,109.78272986412048,0472be73842a81dc1aad830a1019711db391a81be1902df938a17c59a0b092e1
hammer_nail,rand_full,2,retained,22,false,1000,1000,0,0,120.96288847923279,763196576ce961434a4554f79d9953c54fb8808f2d7cdc7f3ab7cc3eefa315be
hammer_nail,rand_full,2,retained,23,false,1000,999,1,0,115.35397791862488,4fc9f8918481c53aba6551acb2f14b8cb39588cf623e49d03f1cb2921c1cf870
hammer_nail,rand_full,2,retained,24,false,1000,999,1,0,117.82251310348511,51f54df8ab3bb0eddf4cf99ffd8598fa7fba02ff96a2645ff596d69c23124129
hammer_nail,rand_full,2,retained,25,false,1000,1000,0,0,114.42979383468628,aa167c716116e8ec6208eb2385c36b21883f6e521dcb27e6d8726c067b6b7b3e
hammer_nail,rand_full,2,retained,26,false,1000,1000,0,0,118.9267783164978,5e47572aea7db1e10b6df8426ed65646a711fba5ec8dc3b128cbc2ab3b218b11
hammer_nail,rand_full,2,retained,27,false,1000,1000,0,0,117.36078596115112,6d670497b9b43faef31a40ec8953889b394bba577b44e5cadb9b589d8f81ac01
hammer_nail,rand_full,2,retained,28,false,1000,1000,0,0,118.68773198127747,f8181c73c37a6cf62d3a16215b0bc9c9630fb8b5f56fc1aacb2f6ab6353722c5
hammer_nail,rand_full,2,retained,29,false,1000,1000,0,0,114.0374083518982,dbfaa5110fefb53d6c15c107978bf75a3007b903bfc3e8e892fd11f18d3292c1
hammer_nail,rand_full,2,retained,30,false,1000,1000,0,0,117.58322715759277,c1c0e0842dc9176822e8ea053274eb17d9750949bf32f5542b69620afc355fc3
hammer_nail,rand_full,2,retained,31,false,1000,1000,0,0,118.83102607727051,d53579e3e3f544b4376fa3ab334aad0061efb9960956bc901a86e38573f5e4aa
hammer_nail,rand_full,2,retained,32,false,1000,1000,0,0,114.38118934631348,6b133e5e2cd5ce0db153a4e505e644f4ac508781e60129335d3153426f4e57dc
hammer_nail,rand_full,2,retained,33,false,1000,1000,0,0,115.06459903717041,ee7a7ee5b44a10e6e9b58adac00f4bd4de75a6ad40bc76c5f85779e77e7d5dfc
hammer_nail,rand_full,2,retained,34,false,1000,1000,0,0,118.34573769569397,ae0ea4c3cc10617b8c20dc298a7e5e8fd3909f1da77d731dbd5f88157400ed5e
hammer_nail,rand_full,2,retained,35,true,356,356,0,0,45.888012409210205,9fdb5be194cb83286b05787021b020543ae68f90550ce86f0a84a02c52f23cde
hammer_nail,rand_full,2,retained,36,false,1000,1000,0,0,117.72159314155579,0f7714fcd5477460941f8cff1fa034e1b960b3bc4479f32792558b67205dff8a
hammer_nail,rand_full,2,retained,37,false,1000,1000,0,0,112.62760996818542,400438a676091d41bb564657478f3eb84cf94fedddb41c8092d19068d6bf7455
hammer_nail,rand_full,2,retained,38,false,1000,1000,0,0,114.96400690078735,2e87cfd76febc4ccc0ab886d9f9c69b441673908459a3a3c194b94d5d9ab61f8
hammer_nail,rand_full,2,retained,39,false,1000,1000,0,0,112.18911910057068,aacb23b4f8655678226dcf732fa7309c3b48f16dff5dd11834e093ffe3d726c6
hammer_nail,rand_full,2,retained,40,false,1000,1000,0,0,114.22487187385559,2378f33349bfa7baa5b61a048e0b00283e47a1d72ca3e889038c767e7207cdc7
hammer_nail,rand_full,2,retained,41,false,1000,1000,0,0,116.91702580451965,b1e66be3ee50e1fe4c3a596cb4d03ea39f2a4e060152877a12ac9183a551a413
hammer_nail,rand_full,2,retained,42,false,1000,1000,0,0,116.76389145851135,67b7ee3aedc98a8fb96e3a9bb96d345c4b87dadc4e277f21bdb0aa141d898b06
hammer_nail,rand_full,2,retained,43,true,751,751,0,0,88.66804361343384,286edc81c45a3ccedca7d2a3e8edd83e926238db08eefe82775d734dc628796e
hammer_nail,rand_full,2,retained,44,true,972,972,0,0,118.3932945728302,3795f96eabb74082c2e8a7e0a44294f589fa25cd7f3fed81cb730e55db26f509
hammer_nail,rand_full,2,retained,45,false,1000,1000,0,0,122.25060939788818,51fbc6f1726ab5e70429f81a6b6bdb9a3785a508593f3f7ea45cd5548b6413d5
hammer_nail,rand_full,2,retained,46,false,1000,1000,0,0,121.47979211807251,a7ce654a1e62b81da1c9ae11bda1db07cbc11a8b4e19cfcecec76ff0358d1fa4
hammer_nail,rand_full,2,retained,47,false,1000,1000,0,0,120.5729501247406,7b40cd46518341ebbf911e0b0bbad78f4d72c81684044e444bf64db660d343b4
hammer_nail,rand_full,2,retained,48,false,1000,1000,0,0,120.82622075080872,a01835d0845ba19ffe73c8733e81fe332ac8436f6afc49111fa0efb56cf41c34
hammer_nail,rand_full,2,retained,49,true,503,503,0,0,65.16879343986511,d19fd30f8452345d8198f0616309ed29134eeba200191ce332e60e014a9940b2
hammer_nail,rand_obj,0,retained,0,false,1000,1000,0,0,121.41481709480286,0eb5286d9405b395a2add3d06f7f1e54ea110a3859fed3e87bdfd43c6cf27222
hammer_nail,rand_obj,0,retained,1,false,1000,1000,0,0,117.44825315475464,20f3f80ced570cb01c2518ac1b5caa3f1c61488c6b7d518ac9fe89f70c14c722
hammer_nail,rand_obj,0,retained,2,false,1000,1000,0,0,120.57559084892273,78438bdf22360a2034d257b75abb184410216c980b51ce79c07e9f391d3962ab
hammer_nail,rand_obj,0,retained,3,false,1000,1000,0,0,116.71872735023499,0cedaf142c5907b41041a13b8d4f40b3bda3f7daa4b15e171ed35a58d731961f
hammer_nail,rand_obj,0,retained,4,false,1000,1000,0,0,117.90502953529358,b0ed848436763013b84f294e8315261cffb4780b3bcb7bc58e002742496a96b0
hammer_nail,rand_obj,0,retained,5,true,574,574,0,0,70.7620894908905,e441510468ecee5dbe70757b5662314d5878308f0ba9b070dbc563a558b5f198
hammer_nail,rand_obj,0,retained,6,true,414,414,0,0,53.41946291923523,c04bfb19b3e1cbaaaa5fbcfb6a84e391745a3cd732dad32bd6f62f73b1b510a6
hammer_nail,rand_obj,0,retained,7,false,1000,1000,0,0,113.39559197425842,ed0f9a569f15c1d051cef59af5c81c69adf1c0a09a27a4cd53a434f43feb49de
hammer_nail,rand_obj,0,retained,8,false,1000,1000,0,0,113.20671200752258,31f1488fbefa7c9ed4cb0e3906389bbb75265f2340316bb880102dc9493f657d
hammer_nail,rand_obj,0,retained,9,false,1000,1000,0,0,119.46510481834412,1a44f4cbbbbc82b72f0a312c2f237ba50e3040abb08359a82b3ac5f15ee5aa2c
hammer_nail,rand_obj,0,retained,10,false,1000,1000,0,0,119.77366161346436,96342829bbba1bb5a63a26955c9145d0865c6d3c8c9aee8316ddfa24282e6f0e
hammer_nail,rand_obj,0,retained,11,false,1000,1000,0,0,114.51780605316162,4de891c2a66d397a0cb7553973643bc14607dc13231c6f82c82df9c425d8b06d
hammer_nail,rand_obj,0,retained,12,true,424,424,0,0,52.288727045059204,98ee144c8ce83aa6c487b8abe0e1f497de2ba28c72abb90b83da1bf1033c7c26
hammer_nail,rand_obj,0,retained,13,true,305,305,0,0,43.08034825325012,0b450c922162d99a3febae3ab07635ceb2ddefcb390befa36a7c044387f733ae
hammer_nail,rand_obj,0,retained,14,true,353,353,0,0,46.51402735710144,8cff94565773d1d8f62d15c413f413c41e1b734d4d70acffb17da65e4a6a318b
hammer_nail,rand_obj,0,retained,15,false,1000,1000,0,0,115.19867467880249,d4dda365825a355173b624ded4bbea9d66c43761a24091c5255d35c1c9c3b9ab
hammer_nail,rand_obj,0,retained,16,false,1000,1000,0,0,115.75694942474365,04c00f14cdb519107a0edb0eb9b3426ee0ba72ae5c032923a1f08ef12f68672f
hammer_nail,rand_obj,0,retained,17,false,1000,1000,0,0,116.82111072540283,a1d53e807905975d555a4aa0af92679f3e9a8e28a9fde5ed897aba7acec39760
hammer_nail,rand_obj,0,retained,18,false,1000,1000,0,0,119.36989879608154,fffaff4a503eafe483eca8c95045f8b13002a306eb1e5a25701bcfea1b510a66
hammer_nail,rand_obj,0,retained,19,true,405,405,0,0,55.57089424133301,dc82ceee27564ddcd32aa7fb47933b342741e15d49d7e448a8a444b52c2e8181
hammer_nail,rand_obj,0,retained,20,false,1000,1000,0,0,118.5329201221466,08729d6b3dc6b1408c395b7f470124aa198ab40d3a789478941480921e665444
hammer_nail,rand_obj,0,retained,21,false,1000,1000,0,0,114.32546734809875,c50ef2544dbe0b4966313587355a73ca16f330d8439f3b24d20c198f235234af
hammer_nail,rand_obj,0,retained,22,false,1000,1000,0,0,113.45290684700012,99e79fb8e3bb6ecdb772826bd92a3284d98094be98d80e9c7d3b9b988b252c13
hammer_nail,rand_obj,0,retained,23,false,1000,1000,0,0,115.34312438964844,83a5836171c47e095ce9c4d8fbfbbbd9ef28a67329b14e517f64d9fce8e0feaf
hammer_nail,rand_obj,0,retained,24,false,1000,1000,0,0,114.58864736557007,a8e96f0da2e67144af155aa6c63b482bf66042888b51d301cf79a1da0517159c
hammer_nail,rand_obj,0,retained,25,true,443,443,0,0,56.737093925476074,02a8a4d5c1a4ebeac1e8f4c22644adecaa7426e405d094dbe357382c695c27d0
hammer_nail,rand_obj,0,retained,26,false,1000,1000,0,0,116.32342481613159,2aa4ee9109717fb6660e07bbea51c0528d5d9aeb35f664afb456ef93f0f5af08
hammer_nail,rand_obj,0,retained,27,true,710,710,0,0,85.17761373519897,df847bdd207bf89e9fd02f3e49ca2e09c3bffc75f6b86ae22324a436035c8217
hammer_nail,rand_obj,0,retained,28,false,1000,1000,0,0,117.3966588973999,c16759dfa37155305747629dbdfbb59db3f872b9c84cbf0c9e38f73e7c6434c6
hammer_nail,rand_obj,0,retained,29,false,1000,1000,0,0,116.50528597831726,776b4e368f2639b1e03f741541e0816240b545274810da90cf475ec383036ad6
hammer_nail,rand_obj,0,retained,30,false,1000,1000,0,0,119.8274233341217,1258d767ffaeefe43508d4105f82e4d05bbf0463f01d62dc48de2af767a7fb56
hammer_nail,rand_obj,0,retained,31,false,1000,1000,0,0,118.48258805274963,8fcd58a382603114b5265837ae1c033da6604fa6428f9288940ca3905034a08b
hammer_nail,rand_obj,0,retained,32,false,1000,1000,0,0,114.15175008773804,1226ad9c71f0f9e4668a39d2d3359885d818fdbdfbc6699b04153f0da0cccdd4
hammer_nail,rand_obj,0,retained,33,true,429,429,0,0,54.82178711891174,129556bf26ce90fd550b05391472470c11aea761dd3686b2acc84033d0a4b44b
hammer_nail,rand_obj,0,retained,34,true,331,331,0,0,43.56252908706665,c2f175c9750a43b463a92ed74ff5aebaedd55c01d7c18c722b9b20133e18b92a
hammer_nail,rand_obj,0,retained,35,false,1000,1000,0,0,117.67541193962097,cc2ea366238383b3cacdbf92b834e9100979dea62117dadbe7cc89769ad37549
hammer_nail,rand_obj,0,retained,36,true,566,566,0,0,67.4117865562439,3fc1fba449f483c6e4b3bdfd1ba315c972497d6ba6274dcb8dcae10f97ddb463
hammer_nail,rand_obj,0,retained,37,false,1000,1000,0,0,114.39403653144836,8926db7acf4a336a06e85e7326bfac7f11e6c71a1115bdd1369b80d056522d6c
hammer_nail,rand_obj,0,retained,38,false,1000,1000,0,0,118.56734824180603,cfea4abe8e31c04d619937e966c50531991bb653c23d151cebe58d38919c6ea6
hammer_nail,rand_obj,0,retained,39,true,421,421,0,0,55.181681394577026,a814fab1919b22f25a9b08cadee550c265a0cab0aefbb742bab25fd79b5cc6c9
hammer_nail,rand_obj,0,retained,40,true,314,314,0,0,43.91450762748718,d44fad2df62a1f2b5fd28705c250092808bc16afe3f3092cb09a8191c3d7a225
hammer_nail,rand_obj,0,retained,41,true,432,432,0,0,53.58407139778137,222a600353355d547304263179fcdfa1a4ac4bfd8bd204c27bef05858f10ed32
hammer_nail,rand_obj,0,retained,42,false,1000,1000,0,0,118.02313995361328,0089db0e15c300c1fc1a0cdd0036343dbadf41ca6e7d11e0a44d7c49d91e4fe5
hammer_nail,rand_obj,0,retained,43,false,1000,1000,0,0,116.05183291435242,2adb7c7ac88187da2d4de201f600132cdafcaad8353af10c0da3858c7611b81f
hammer_nail,rand_obj,0,retained,44,false,1000,1000,0,0,113.43205261230469,18126b01231474a1ab865028a10c816a6c41fa24e41c7b51d2bec74028124163
hammer_nail,rand_obj,0,retained,45,false,1000,1000,0,0,115.3686625957489,2395170944b3944e57d6ca3f7141af4008dbaa7f1c3139bb2e54a8dc8c716870
hammer_nail,rand_obj,0,retained,46,false,1000,1000,0,0,116.97468209266663,fe4f25fbbb7e801a8f49cea70dbb4ae26a2dac00548899d8b1615a26cb214d18
hammer_nail,rand_obj,0,retained,47,false,1000,1000,0,0,118.56265354156494,d15680542b3b976856c4ce44ef988ff694f57023dcf5f86b66bfdf422bb780b3
hammer_nail,rand_obj,0,retained,48,false,1000,1000,0,0,116.41500639915466,ff49ccf6e3278b8d198e4b11a32ce353c4704e6b4bdd8ac89c6640f2580e0386
hammer_nail,rand_obj,0,retained,49,false,1000,1000,0,0,115.89908409118652,dca4e955143faba08b5cb45244602e8b5404df8aa8bfe8c67c9ee3d0348d9379
hammer_nail,rand_obj,1,retained,0,false,1000,1000,0,0,125.55377197265625,e5df00fe9a91722b09caad626f9ce8e0e380989cd6f03de5a2fc800d99b461dc
hammer_nail,rand_obj,1,retained,1,false,1000,1000,0,0,123.35299944877625,3d900f43e290c36eac0d0b611578184b7f657ac8df729642a7ce811fd6755915
hammer_nail,rand_obj,1,retained,2,false,1000,1000,0,0,123.26085042953491,a1b0e6a281203de8e8e8840534f7cab1e7472309feec5585a83948ae81fc7434
hammer_nail,rand_obj,1,retained,3,false,1000,1000,0,0,119.74239492416382,0d7732e92ab918be49c242e65d3e5f3e678ec498047c3b59061ab2a94c56e546
hammer_nail,rand_obj,1,retained,4,true,312,312,0,0,43.40713620185852,49cf32c5f27231dbc9dd7637e8da4bd6db46fd79611fd3f70601df4f1dc3957d
hammer_nail,rand_obj,1,retained,5,false,1000,1000,0,0,121.62457728385925,c1da356fb5193014e0010ce7b783c6f7aca3f07fde8e0d080e5e5cea035855ef
hammer_nail,rand_obj,1,retained,6,false,1000,1000,0,0,119.6513934135437,45ebe1348566f4486080ab794d70ac10d2496834b524d109608747e4b0259510
hammer_nail,rand_obj,1,retained,7,false,1000,1000,0,0,119.51459527015686,aa89d7ab93093440b6e7c5766d6a31811489e92964b8682d2c0a864f441ed95d
hammer_nail,rand_obj,1,retained,8,false,1000,1000,0,0,124.1057231426239,7aebac16ddb29a0d30afc702941af219dbbc4f17bbdf909e32c6ab194771f60e
hammer_nail,rand_obj,1,retained,9,true,346,346,0,0,48.52366876602173,624cfca435e3f99f9f94266813c24fbf33927e25899098e03182039b7f571caa
hammer_nail,rand_obj,1,retained,10,false,1000,1000,0,0,119.69643902778625,3ed4ee3256fe2d246924d06d9d2cde16ff67da1b6d561b7671380f14e7ac4430
hammer_nail,rand_obj,1,retained,11,false,1000,1000,0,0,115.51616334915161,e16057dfcf8dcbb940f2b9d8f728d8f16c02b1fe102df9cd875fe392efe11986
hammer_nail,rand_obj,1,retained,12,false,1000,1000,0,0,118.87438893318176,5259b1abbb309698e82ef4e9c83b12aaaf3264d9401b0ba222b780aadb12f401
hammer_nail,rand_obj,1,retained,13,true,383,383,0,0,50.44459271430969,438b058e10797fa45f2e3b88cb8db17a01f71a89a34da0a7e52f33b2d03e3bc2
hammer_nail,rand_obj,1,retained,14,false,1000,1000,0,0,119.55940914154053,f96e41dd53a8560132e69b3d53d468c1347028c81c68c142a8ab28cbd37e5650
hammer_nail,rand_obj,1,retained,15,false,1000,1000,0,0,118.6515257358551,13412e27d27725a1a6d4da0abee58ac5285cb7c96069c3721f21f7a77282c614
hammer_nail,rand_obj,1,retained,16,true,485,485,0,0,59.90036964416504,22bbd949c055bcac1b9024b6efc436dd0ad78fa8c59d16bf7eb08808e62609f6
hammer_nail,rand_obj,1,retained,17,false,1000,1000,0,0,119.00047397613525,31dce4635fc93e1c80dd36acae2e949f4d3e1988d08c323c211e93cae8c1274e
hammer_nail,rand_obj,1,retained,18,false,1000,1000,0,0,121.40467166900635,7fb19766f033379f062084ef58860e2593cb0f30e6bc85632b2952248a652a65
hammer_nail,rand_obj,1,retained,19,false,1000,1000,0,0,119.10863423347473,1e180e721b72779e54458dc0e21693dbb3ad773b3dcc456704393f9b6ca1e0b7
hammer_nail,rand_obj,1,retained,20,false,1000,1000,0,0,116.66185593605042,09c8db25218b7fa234bfbc9ca7953730309f0de2bd940f393ac0fe8d87ce94a8
hammer_nail,rand_obj,1,retained,21,false,1000,1000,0,0,116.58281636238098,6061cf1f9d2a3c169eb78d045886eb3ce878d644b952ffbf825afce7b6ede254
hammer_nail,rand_obj,1,retained,22,false,1000,1000,0,0,114.89562463760376,97ee3af143381c17ef971a59da48ace8cd97e254630fc7f23186c53519607ff4
hammer_nail,rand_obj,1,retained,23,false,1000,1000,0,0,115.74235844612122,5f9491fee3d4f46729132302bf697e0ffbbeb83f5f05cd8163382e1f2cbe49ed
hammer_nail,rand_obj,1,retained,24,true,435,435,0,0,56.04171538352966,46e112582336824e110f2fe67251ede9d6db5e5f09f66e16256dad95b005e010
hammer_nail,rand_obj,1,retained,25,false,1000,1000,0,0,119.05092453956604,ad065fb4e6c3b907e8b5767bb7cee2b143eb5b44b665d6bde1e7ef4e7600cc01
hammer_nail,rand_obj,1,retained,26,false,1000,1000,0,0,118.61893272399902,bd286ef007e87500dc08a868ab7e5be6afd9be9127128a223925690d6f519be4
hammer_nail,rand_obj,1,retained,27,false,1000,1000,0,0,120.45131015777588,1fe14ab5efffba8c65fabe1d5b4bb8c3a7335cea19703a5cf16baac0c85a1910
hammer_nail,rand_obj,1,retained,28,false,1000,1000,0,0,123.23563551902771,34ca50376d540847ead12eab0b24caf6b9f029ae5aa4ebd3ba0623a4b09c3f6d
hammer_nail,rand_obj,1,retained,29,false,1000,1000,0,0,121.07743549346924,803781fa870befdfaf758d6f3bba3df6f40dc9a520e8454a615a441e067d6a9c
hammer_nail,rand_obj,1,retained,30,false,1000,1000,0,0,120.38194489479065,1592b1ddc6675a93e62be2415b3d5fcc5ae2c81b3b0fa24c5ee69a0f72283829
hammer_nail,rand_obj,1,retained,31,true,315,315,0,0,42.96864676475525,5457ced56553ad554f6bd57ab624740198b37f108c09ddcc66638d8f1d45b12c
hammer_nail,rand_obj,1,retained,32,false,1000,1000,0,0,119.4126148223877,ab0e6ded2422630cd6d3e315678355e07116faec24869627f9d675a50502af90
hammer_nail,rand_obj,1,retained,33,false,1000,1000,0,0,122.54553198814392,b919e7b31fdca99ab6cf5a4bd769048da009b376336a342b6fdb6945282cc80c
hammer_nail,rand_obj,1,retained,34,false,1000,1000,0,0,116.22909426689148,672c2d849742c82cdc1d45e9d5548afde8198479822c54b97d83b1654902d7a2
hammer_nail,rand_obj,1,retained,35,false,1000,1000,0,0,118.87408232688904,6d5c803918eaad906adc1281abb1b95e0f1397c28481dfbbf1c42991af2a4552
hammer_nail,rand_obj,1,retained,36,false,1000,1000,0,0,121.28840494155884,7e2f2b290bd6e148de2d1b46c7634e8859d205c624bac4570509e4f4a8d2f3ce
hammer_nail,rand_obj,1,retained,37,true,416,416,0,0,54.06132960319519,752722a5d42d06a70fb239a122279e08700f9cf4c437e03459a16b2db33aa879
hammer_nail,rand_obj,1,retained,38,false,1000,1000,0,0,116.9915783405304,9ef908d68007fbd5d655b2121d664434405e60e2d82ce69c31f50ce6e4bc5bde
hammer_nail,rand_obj,1,retained,39,false,1000,1000,0,0,116.97056007385254,0a6e2f4ee3af65cdb76c2d70b7f41e20ee9cd85dbb223cc30ffcc6673daffecb
hammer_nail,rand_obj,1,retained,40,false,1000,1000,0,0,115.44072961807251,bedee75211fb6b982e3c6befab34f814efbc57da381d76f24f735eb7ef0ff967
hammer_nail,rand_obj,1,retained,41,false,1000,1000,0,0,119.43118405342102,d317b2d1c76129ca5d6c97d9445196430afa54f1c01b978eb5cb069c50c03d21
hammer_nail,rand_obj,1,retained,42,false,1000,1000,0,0,118.31023168563843,8b6ff7dd00052459a28ca63f8b57c3c14df687172d917d23dfc39ee49ca63f71
hammer_nail,rand_obj,1,retained,43,false,1000,1000,0,0,125.56774735450745,dcd2f1cf2c682afacaeadca5c85c7e1849724152e4c943bbcc867df7291c2f23
hammer_nail,rand_obj,1,retained,44,false,1000,1000,0,0,136.03265929222107,21d8492ab13360bcc98789c6e3a3733cf1ae855a2d04eb5fe2b8889395dd287b
hammer_nail,rand_obj,1,retained,45,true,417,417,0,0,54.195810317993164,3fc8e17329e6666b3ffc1095240490d9b710d7cc60b43f3aaad44e142e78f719
hammer_nail,rand_obj,1,retained,46,false,1000,1000,0,0,118.06414222717285,6a33e63a00b54c21b6c8dcf27b155bb7e1ff2bfc9b2fff5cff2ea2695b6ac5df
hammer_nail,rand_obj,1,retained,47,true,356,356,0,0,48.58780884742737,32894c402aef984a008e4cab27e8219936dc1bf0aeffc619edad03c2e0c5be8b
hammer_nail,rand_obj,1,retained,48,false,1000,1000,0,0,121.53797173500061,dc7bca147d7ef8d69f6d680b63b0a0be42f1f924f6b46d683fd67a4a703f107d
hammer_nail,rand_obj,1,retained,49,false,1000,1000,0,0,119.63420534133911,a497f14122791a350b0c7d5f94c5d5fb6f3a9c0d35dccdfa41f61a68289c1388
hammer_nail,rand_obj,2,retained,0,false,1000,1000,0,0,120.61129450798035,e2802ad1bda40d61a7471e4c8c909aa70b54f984600b014cd92502da5d73d516
hammer_nail,rand_obj,2,retained,1,false,1000,1000,0,0,121.4144778251648,7c6050686651b2e7612c5aa35eb612b9cbe2f691022e8e62417d5d516543a333
hammer_nail,rand_obj,2,retained,2,false,1000,1000,0,0,120.05919051170349,d8decef7ad4a5eb524078c948cced9b61abcff207efeacc17378c58a28c2c59d
hammer_nail,rand_obj,2,retained,3,false,1000,1000,0,0,120.13993501663208,119bb563610083baa702add6ef323c69bca3f7dfeb357ac3253ac858a9edacfb
hammer_nail,rand_obj,2,retained,4,false,1000,1000,0,0,121.01996207237244,687540f28617b7151ee9b88249207b3bb1f39d41efd55a96f8ed9add34370ac5
hammer_nail,rand_obj,2,retained,5,false,1000,1000,0,0,117.90541195869446,9093b67405fd6aa78e97a9247f9297f46a4633faedd7e1a3a7f5018d2db13c98
hammer_nail,rand_obj,2,retained,6,true,700,700,0,0,77.87053322792053,8a3922d0ffe6eff7212f43d39b8f826ca28adb94d47064f1ea3a4fec628774d3
hammer_nail,rand_obj,2,retained,7,false,1000,1000,0,0,113.24459290504456,6504b60248a75f809648bf0e2f0c502a1f94fdac9b2cf98f60539a67e0641b39
hammer_nail,rand_obj,2,retained,8,false,1000,1000,0,0,112.90393829345703,40a7587ec9bb00f1e8d40a6a71bf00018c38557fba131ec8eef18570c6c15d4c
hammer_nail,rand_obj,2,retained,9,false,1000,1000,0,0,111.13899612426758,14bf25b7708cc5f741edc24b8b9917c46fa988ae9571cc0c126f0ac7ca626af6
hammer_nail,rand_obj,2,retained,10,false,1000,1000,0,0,105.91892504692078,53153464103691afbf4483855663bcc403b0732fcf50b43fe421a627c81c71cf
hammer_nail,rand_obj,2,retained,11,false,1000,1000,0,0,115.37752962112427,79413bcb5a10cd8551470d98224ea4dd06a10b97a9c48f33ba032a240e179b79
hammer_nail,rand_obj,2,retained,12,false,1000,1000,0,0,118.78912425041199,49ea1b3692ae4e43f0e1c93ed28fbc26aac213555677fe31be727466f038ea0e
hammer_nail,rand_obj,2,retained,13,false,1000,1000,0,0,118.52577519416809,7e35f2f9cb3b429843cd02f380ad1a85d64809c99995ea38d2020014369e6d9a
hammer_nail,rand_obj,2,retained,14,true,645,645,0,0,80.36903262138367,8cf53ebc86eea0135a834d17d7ff27a3d6d4d9bf72193a56f000c7c5f9f35757
hammer_nail,rand_obj,2,retained,15,false,1000,1000,0,0,116.70721507072449,d629860034b07ee7d281d50d531aeba7454b9ecb417040dbd382b550df70f34d
hammer_nail,rand_obj,2,retained,16,false,1000,1000,0,0,117.8088026046753,c9fa7c5313226554e3a1af0a6764b01144acfcf79c405535cd0a2948ed47bfef
hammer_nail,rand_obj,2,retained,17,false,1000,1000,0,0,117.74528956413269,82ac9c2ad47c5b2eaead4a64855694b7c74cd4ae42d4078f69d709876107a160
hammer_nail,rand_obj,2,retained,18,true,375,375,0,0,49.37737965583801,7d112adbfe6551a5a16031f709f72ff405dd5a99ad3722ae68a711bd6bfd389d
hammer_nail,rand_obj,2,retained,19,false,1000,1000,0,0,117.15373468399048,892191ece57d1552ac5ef1f09769abe73ee1883057846bacac234b7e22e46686
hammer_nail,rand_obj,2,retained,20,false,1000,1000,0,0,113.64309859275818,a6ebaddc481e7731107a8fdddbea9c0caf71c3ff6999fc63744fa745ed1d9bcc
hammer_nail,rand_obj,2,retained,21,false,1000,1000,0,0,113.33130550384521,59ae27f33f7bbe547b59f7ac163e3fec98b1509aedfd0551b50aa5456fe7ed52
hammer_nail,rand_obj,2,retained,22,false,1000,1000,0,0,113.50050377845764,88408bda4205f422db8dca8a2a2d517c5c35a289d0f86b46420666c00a5327e1
hammer_nail,rand_obj,2,retained,23,false,1000,1000,0,0,114.45725512504578,aeb88a93da61478c449ceba3bfb7588e9e2a5ecc6d46dc586160e31abd8ecf7e
hammer_nail,rand_obj,2,retained,24,false,1000,1000,0,0,119.37777614593506,73c92c758acbed57e0f2689ed2f045f412930483f3963956d9e9e9d3d1deeffd
hammer_nail,rand_obj,2,retained,25,false,1000,999,1,0,118.3515613079071,60b71e241420594dd340ff014c91c4070c0d618e69ac0adf30b15192d89e3ddf
hammer_nail,rand_obj,2,retained,26,false,1000,1000,0,0,122.9416069984436,de851b48ac4b987ee6dbc393a039a3bfd73b43363fa031857dd66ad8518837c2
hammer_nail,rand_obj,2,retained,27,true,422,422,0,0,55.68419170379639,1f05afde2f91ee3e8ea6f6c63ac18b6c7e0fc4176e0a85c4320ae74e932596b1
hammer_nail,rand_obj,2,retained,28,false,1000,1000,0,0,118.94631862640381,07f2ec71bbfb9dc545df0936496f0bbcc790254c9974eda01c8d9b05b8953375
hammer_nail,rand_obj,2,retained,29,true,382,382,0,0,51.35612487792969,aa89143409298e937b2cbaed5942a706db3fb2f5d3e3725157adbeb6ecc66d78
hammer_nail,rand_obj,2,retained,30,false,1000,1000,0,0,118.13316535949707,06e883659d64704380555b356dd389df8af846ab38764485538b4aba0c73649f
hammer_nail,rand_obj,2,retained,31,false,1000,1000,0,0,122.45911002159119,fc1f32968b5332573073709f1078569206491db48b7fa98a910d9639f3bde6f2
hammer_nail,rand_obj,2,retained,32,false,1000,1000,0,0,118.16580033302307,15227d830be2b2571522866bfe79abae6b672cfa425df50f4aa15ccefbd5c778
hammer_nail,rand_obj,2,retained,33,false,1000,1000,0,0,116.18904495239258,28a520398a9de697ad6656cf9680b158de717bb6a31f35360e12065ffb61da5c
hammer_nail,rand_obj,2,retained,34,false,1000,1000,0,0,116.85001397132874,9e07697dd98e804f6953e65009520d3e77fab69058c05c5a6e17a7f9f1198d95
hammer_nail,rand_obj,2,retained,35,false,1000,1000,0,0,117.49004292488098,1bb0f7b0d697a0990608e54e807669710e94a0dda8ac05fa609dad54140dbc37
hammer_nail,rand_obj,2,retained,36,false,1000,1000,0,0,119.1560263633728,ab12cbade6b3bae10e08d2e6ce5683c1640e91fb0d51479819efa9b9156a32ad
hammer_nail,rand_obj,2,retained,37,false,1000,1000,0,0,119.030198097229,3c70bb797587b6641a626d20a07ff30a289a4e410ac6a7597e8746b6980fc1e6
hammer_nail,rand_obj,2,retained,38,false,1000,1000,0,0,115.57780265808105,01de311f457f18b00d304b6215f1aa2499951a2d6bbfec3da4240a19ec9758b3
hammer_nail,rand_obj,2,retained,39,true,436,436,0,0,56.390175104141235,aecd32546e745479f340621f8f0d69563d3e2e7fd76f16665e8e896bc44e3d29
hammer_nail,rand_obj,2,retained,40,true,390,390,0,0,49.82423782348633,937fadcbd54c2d223a68d7ec8e7b08127c6b3c2c579550562b94aa2a93511740
hammer_nail,rand_obj,2,retained,41,true,553,553,0,0,65.94854283332825,3dd225ec60e8eee0d9ad8ad4cf6ead433b09e9c8ec7a42d45254261dfe6a40fa
hammer_nail,rand_obj,2,retained,42,false,1000,1000,0,0,117.67831754684448,224df6c3293dcdd19c3c3c626780aae8a51d855860d92eae726b1f1b942b8068
hammer_nail,rand_obj,2,retained,43,false,1000,1000,0,0,119.1436779499054,9c40ad874cfe04e46bdc06591d0c5ebbea0b5675a85622e7d8cc54ba5ce4ce6b
hammer_nail,rand_obj,2,retained,44,false,1000,1000,0,0,120.16737341880798,31475bd614bd8a42792cf1ff3ef60d9028c6e76b3849893597cf5672091c60c9
hammer_nail,rand_obj,2,retained,45,true,344,344,0,0,49.48222851753235,033dea75e9646635a12955b628a4c774f5227abd64ab2360499587ab20446ca4
hammer_nail,rand_obj,2,retained,46,false,1000,1000,0,0,119.0840859413147,ec5b8411765d0b054df5975150779f0d35a7c518d562004ad0adb9f3c08fbb4b
hammer_nail,rand_obj,2,retained,47,false,1000,1000,0,0,118.45618343353271,1d44d2990c11081835d2bc8de6372e5a3fc17215023fd2251e3a026cb26c6e23
hammer_nail,rand_obj,2,retained,48,false,1000,999,1,0,118.89236044883728,f358ab9f51ccd2404e165af1544471e27baf42b31d69b16a14e1fa20c9110b21
hammer_nail,rand_obj,2,retained,49,false,1000,1000,0,0,117.59148025512695,66ca0771334db910032ff364ce0fa1b9707689215f346eb7578c66682a224cc0
water_plant,rand_full,0,retained,0,false,1000,1000,0,0,111.00900864601135,b578956b42175e06ae5a8446fa674648e23a82d46e9b155d76a34ce2575ff31a
water_plant,rand_full,0,retained,1,true,468,468,0,0,60.06795334815979,2e98799bf8fec5b38ad2ad2b496fc688bd5503a4e1950d0bf0d48af2235debd0
water_plant,rand_full,0,retained,2,true,417,417,0,0,53.21877312660217,1c7879797994aa4a2c3324ccf7712f18c051d6e923d136e2ff167d9038004a19
water_plant,rand_full,0,retained,3,false,1000,1000,0,0,109.92748951911926,8c8b521136b476de189ed2660cdf54c708f9c36a6c1371ad1f671a47cbd85d77
water_plant,rand_full,0,retained,4,false,1000,1000,0,0,104.67527532577515,80154708e7e5cf93440e596ac4cf2f2a65164d5de504b56246f620b5cd84f890
water_plant,rand_full,0,retained,5,false,1000,1000,0,0,112.57261610031128,dcfdf556b33d1b0f7e65b3ca8b61cdbb176f4457ae95f97f8999010b9840206b
water_plant,rand_full,0,retained,6,false,1000,1000,0,0,109.39892315864563,128108595fa0e0a2ed289310b808a781d87f47bc31f3b3916bc82fdb347db8d0
water_plant,rand_full,0,retained,7,false,1000,999,1,0,108.57310247421265,fa6fbf0a5320c904ef2dd157de81ebc6ea5fc4e0e0c6f75bb1d8d4c377b1f6a7
water_plant,rand_full,0,retained,8,false,1000,999,1,0,108.11058235168457,11e1d16a5a987c27df32d25de176c2bd1b731389b1065f74c3198e2d105131a7
water_plant,rand_full,0,retained,9,true,587,587,0,0,70.06910157203674,3ece3303397ddd26fa544de02fbf14f370d89fb55a61c149c5f05063e38a5e3b
water_plant,rand_full,0,retained,10,true,453,452,1,0,55.50231742858887,2a1c33bedb677fcdcd33dcd5501a917f33a2773bfc67efbb2aefbeb099171e2c
water_plant,rand_full,0,retained,11,true,718,718,0,0,85.13463258743286,92a39828fbb615d99072ee50a8a45967e3db2999c74369836054485d95b6c8be
water_plant,rand_full,0,retained,12,false,1000,1000,0,0,111.33764934539795,ea5e6a035c0833be345389fc96ec31f1b44be6d74c94a92443dca5b6df285d93
water_plant,rand_full,0,retained,13,false,1000,1000,0,0,110.24093341827393,9f175d98f08852a44e50be7bd1bdcb9e2938aaf1a4a8741ff36f0d0d5404f834
water_plant,rand_full,0,retained,14,false,1000,1000,0,0,111.97001647949219,9e7ed847527eeaac7fe74087cb2127c71a670ae18636ce019e051ed5be51b35c
water_plant,rand_full,0,retained,15,false,1000,1000,0,0,108.0117826461792,88352a029455d0fde902c921f00138c1c558dd193179e8f41f317f3485a6ab98
water_plant,rand_full,0,retained,16,false,1000,1000,0,0,108.67922234535217,476a0cffa1c250ae7ea9d9a52661de0d90ff7fadea6f8206c327303e084688d1
water_plant,rand_full,0,retained,17,false,1000,999,1,0,109.8554470539093,fe517d7b73b2ee400eae1578dcecc3f12f2ac4b89dfce4001d3c8eb74ef16c99
water_plant,rand_full,0,retained,18,true,496,495,1,0,61.23439359664917,1555c7d9e7fb23d72f820abdd0fa6dfc9a45e64c08496144b5e12ea9ea59bf21
water_plant,rand_full,0,retained,19,false,1000,1000,0,0,112.27704310417175,7e6c4a91fb89ba505f13047e98846ad4bb0b589f6d0f36df3c9cd10a2ddd3cce
water_plant,rand_full,0,retained,20,true,468,468,0,0,56.511958837509155,60e1ffea6eee5e9ef1da90e413a60d87104713c1fd5e53dd5e561245adf0013e
water_plant,rand_full,0,retained,21,false,346,345,1,0,43.69802522659302,83fc38fb997da158808ff1f1cb600a7afa6c264b047c279565b4e08677c8c9af
water_plant,rand_full,0,retained,22,true,461,461,0,0,54.81096005439758,47ae9f202fad15a0db83d55febc0f30bf1f3b608da6c81820de0d65937b11b88
water_plant,rand_full,0,retained,23,false,1000,1000,0,0,108.88133668899536,b5cb0ff22a798381f07e58e994f686d56f27ec87ee6ecfd4225ceebeae78b817
water_plant,rand_full,0,retained,24,false,1000,1000,0,0,108.74324321746826,a2551051644b475978c923f4014875c2decf1d16e36ac69f3343424108a8d5da
water_plant,rand_full,0,retained,25,false,1000,999,1,0,107.84134817123413,cead6e99d4043f2dc4a4c58278187468fa16517ec5889d18b26e742fe17ea072
water_plant,rand_full,0,retained,26,true,390,390,0,0,47.73086738586426,d7cd7df2efccc17ccc078fa016cd63ab47678da0be4864e5fcf3c248e682791b
water_plant,rand_full,0,retained,27,true,519,519,0,0,61.07533502578735,a83f644e661662774dfa3dd2fbefd2d77526bed048041288a68b2d8351e5fc64
water_plant,rand_full,0,retained,28,true,419,419,0,0,51.08623933792114,2d06ab84b3e96571d76b1ec5d573701507a6d9cd15a4c55faf50bb1176595b53
water_plant,rand_full,0,retained,29,false,1000,1000,0,0,109.88204979896545,86e3bed6c8dd7cb2edf76e6b6c7a60c311dae39b7689375cb54c2ac206f6f159
water_plant,rand_full,0,retained,30,false,1000,1000,0,0,110.10284566879272,ffe8c24cd24f0e4c9f76f1b810c6f2c4dca3c52d7710725a324905c57809791b
water_plant,rand_full,0,retained,31,false,1000,1000,0,0,110.58514618873596,0011b2d6a55057cdf9afa4ed5947388764c0af09099f7dcfb75b987f94e63ca5
water_plant,rand_full,0,retained,32,false,1000,1000,0,0,113.35980916023254,e3ffc33c8a6153b2d9c19891dc8f7bc1ffb83ae6cc58d26eb0f57faa1b005012
water_plant,rand_full,0,retained,33,false,1000,1000,0,0,111.75014066696167,db9e1af6f2fe5b72f68308025abf2236cd31eee53aeb1279daa9cc1e03e4f80e
water_plant,rand_full,0,retained,34,false,1000,998,2,0,109.57509064674377,f77978089aaea5d84fe66a4e53f7d04b0a0c24b5f24bc47d4032d285dc595ec3
water_plant,rand_full,0,retained,35,false,1000,999,1,0,112.46516990661621,5e50abb9c2df83bb86f43571aeeed134e991401c1d608adacd3aab0c6dff0b19
water_plant,rand_full,0,retained,36,false,1000,1000,0,0,110.83211874961853,19af9b85ddd8e66c6cfad08bca2d1d27b57f64c5ce9ddf713714818e51a3388e
water_plant,rand_full,0,retained,37,false,1000,1000,0,0,109.84967088699341,a227434e4bc66e45be213f4cffadd2b62922db91fe3b9c23669cdc7e2ef51f26
water_plant,rand_full,0,retained,38,false,650,649,1,0,75.45251202583313,ab4917175daf65d0deb3520080f32b1da60255e160040d9fb1d908aba70b3256
water_plant,rand_full,0,retained,39,false,386,386,0,0,49.590092182159424,05c792e963279356356acc64c2a13e1dc1e8e33521f168a4990c1bf2ba410c98
water_plant,rand_full,0,retained,40,false,1000,1000,0,0,110.16872549057007,2afb0d98ea7170c1f303d6c7a7175946da289dd12e0afd6fba24fa7b120ce173
water_plant,rand_full,0,retained,41,false,1000,1000,0,0,114.93423414230347,e108e776ba5955ebda680bac0de300b26fa2cc24d0d4f49d960a7c9825948499
water_plant,rand_full,0,retained,42,false,1000,1000,0,0,112.36660289764404,df5f0f603479391d2483f15da5c9b5a6fce31d788b5c002f21349499c9d96f3a
water_plant,rand_full,0,retained,43,false,343,343,0,0,44.73501133918762,890ef1e9e9ac006e3e1f520dfece07c0c52938795ccec8d809693bc1d67d8023
water_plant,rand_full,0,retained,44,false,1000,1000,0,0,112.20467257499695,43de3679a31aeb27c6bde82867723e4725992633560f977b711c3caca9a8cda6
water_plant,rand_full,0,retained,45,true,501,500,1,0,60.26539945602417,ae2ff194a97ee439df4bf889542953f00ad37d6f2f788a205687aacfdfe63d3a
water_plant,rand_full,0,retained,46,false,1000,999,1,0,110.09413719177246,0d9bc6d7bb26e2e5204149a094e8c15a573697abc5d70c60fd1e3bee2db772c2
water_plant,rand_full,0,retained,47,true,514,514,0,0,60.63138294219971,66cec9164050c5e77bf5575e054935172d09fb5953d31b2a2927652a07dc2dd5
water_plant,rand_full,0,retained,48,true,736,736,0,0,82.65892267227173,6b488ab546197ce2344cdca0e6c0f3d77c5af1d1a39dbc564d169effd6a95ede
water_plant,rand_full,0,retained,49,false,316,316,0,0,43.70324969291687,03e9e9b3ba2eba92b68e180af9c6eff12e11bdf172e38b273d028fd768addd63
water_plant,rand_full,1,retry,0,true,364,361,3,0,45.288904905319214,eb038dbf5097fc44266d129dbe46b77887971490104a01a0493be9a5fa071e5b
water_plant,rand_full,1,retry,1,true,537,537,0,0,62.15139365196228,ae97bc251f09b9dbd092e2342cbfb2a1064e38daf21bcbf659daa1065d13f5bc
water_plant,rand_full,1,retry,2,false,1000,1000,0,0,106.24542427062988,cacfcfece12dc2bd5e9e32c9f2b3c5d412dee8cd38adee5896eb38a5b16f33b7
water_plant,rand_full,1,retry,3,true,513,513,0,0,59.98349905014038,aa6265d3e53cfdf12b6a38e791ffdde706fb04c434f0338038f3becb41163688
water_plant,rand_full,1,retry,4,false,377,377,0,0,48.81903004646301,efe5362782e6a88b27ec4d4204584e648701904077933c9881191410fbcafc92
water_plant,rand_full,1,retry,5,true,382,382,0,0,45.89055275917053,a6ab46accd6c2668ce7bd96e8b188416888e3a4ce74ec2555bd23db322c6b091
water_plant,rand_full,1,retry,6,false,1000,1000,0,0,105.70223331451416,dd55c71b6ed13b189733665a2b462dac576da03b7b573737197cf9ff076b8311
water_plant,rand_full,1,retry,7,false,1000,1000,0,0,110.67894959449768,bee6ac21ae790717d10f260b2f7f23d7322523ddd70647d7e0294a49285ca377
water_plant,rand_full,1,retry,8,false,1000,1000,0,0,107.16521525382996,c950ce6658c0e3ffefb49cd6ddf108b6322980c5aaac775497538996c994e98f
water_plant,rand_full,1,retry,9,false,1000,1000,0,0,107.62100291252136,cbb2d795c9b7e9eca70b4dd2bb218d93afdda0d347905e89654474c3889c9075
water_plant,rand_full,1,retry,10,false,1000,1000,0,0,107.39964365959167,5182c0da5a2448ea2ff422e830d8728a6cb1b6547f5ef9d5e697f991bc0f18a9
water_plant,rand_full,1,retry,11,true,444,443,1,0,51.31759810447693,cbfa2d98051e82338ab239af394472679f8d0e876f23d7e51c4c5637ab0eb25b
water_plant,rand_full,1,retry,12,false,425,425,0,0,49.300763845443726,f15a2fee967c58480069f1f21041db0e29ba20e44b0519b93dd890acbd2c8e7f
water_plant,rand_full,1,retry,13,true,562,561,1,0,63.11614012718201,be990674eea8cf44ba08756626bf4deb883ee72bcaa61cbe1a334d8703a13235
water_plant,rand_full,1,retry,14,false,474,474,0,0,54.46751880645752,b6bf5d7840b75cf508c51ab5fb35e6ac3e7be4d9a6ad2078deadfba59375d133
water_plant,rand_full,1,retry,15,false,1000,1000,0,0,107.24521517753601,a2d7470098441706ed2fd6e1f8e279b36da1d37e7f4fcd05ac9ea191c16fc0f4
water_plant,rand_full,1,retry,16,false,328,328,0,0,40.29801082611084,54e57d0056784be5f52b85e73595e3ee8a0d7d36b8b78f73df20d54222813d9a
water_plant,rand_full,1,retry,17,false,1000,1000,0,0,106.02346611022949,99f7271fc54950e18c3bea7dfc98d3093e8dcab61dfb65a6f7d021efb16b867a
water_plant,rand_full,1,retry,18,false,1000,1000,0,0,106.25970816612244,2297602d348df07e0b8ae1f7f64eade26049356da1e27587c3ec9b51e45a5490
water_plant,rand_full,1,retry,19,false,547,547,0,0,62.2697696685791,13911ed5cdf51e0932945e4b30f2b250a5b5c12f60a3b2c95dd8bd4c6b76b9aa
water_plant,rand_full,1,retry,20,true,574,574,0,0,64.67397379875183,2131de88c292206da63faa9773e3cdef4c74405f88e31e126d7d7153c16d802a
water_plant,rand_full,1,retry,21,false,1000,1000,0,0,107.45518231391907,e572fc4453496a5d343eafed2cafa151433979c27c94faf5e04638f5b1b4d69d
water_plant,rand_full,1,retry,22,false,1000,1000,0,0,106.21103167533875,4583eb57a7257c55ac4fe04a5358b58c526e2e6e4a4514d5a23cafca92499966
water_plant,rand_full,1,retry,23,false,1000,1000,0,0,106.35078406333923,a6634a38b0d8f65b6a04ddfb911beb16b3d7c2ed38019aae78fc071b1767a4bb
water_plant,rand_full,1,retry,24,false,1000,1000,0,0,106.47066378593445,25b7e72ed8d3060dedfa8b60f532ec681727d4d497855151e3b85cbaf16e138a
water_plant,rand_full,1,retry,25,false,1000,999,1,0,108.51558899879456,68a22777bc5abc2563059168919beedab019320fbfb0703a746ce5089a505f4b
water_plant,rand_full,1,retry,26,true,532,532,0,0,60.351130962371826,05960aa21e804ce8a4b395b29a32752dd897540211c417a5695b81e81d7dd834
water_plant,rand_full,1,retry,27,false,306,306,0,0,37.50461530685425,9e7e62ceafaca7b940bd9b0cfb50d95894a7c468bd55581702ea292bbb0a5d84
water_plant,rand_full,1,retry,28,false,436,436,0,0,49.671812534332275,0ebe51348450d216724c1ddaa9f50ebde0937057b94bb7c39c4e80850f76e726
water_plant,rand_full,1,retry,29,false,1000,1000,0,0,106.50746726989746,d456108b7a752428db567df9a212acd232c770f15a0187f004ca1815b69e3260
water_plant,rand_full,1,retry,30,false,1000,999,1,0,107.64768433570862,1b6ee1733bc0209f4eaef351c597f146fb95499441782b0ace6545e5573746d9
water_plant,rand_full,1,retry,31,false,332,332,0,0,40.21844935417175,cb724a23f90d0643f2ce6f20f85e8d35417b8eab5a47c54c1441fccd1a748386
water_plant,rand_full,1,retry,32,false,1000,1000,0,0,105.02869534492493,a9ebf5595b2c742e7ad879444995a2ad320d9bc76361d4f7465cd8e12fe2c062
water_plant,rand_full,1,retry,33,false,1000,1000,0,0,107.13646936416626,22a211641ef6004e0f36c39ef3dbef053479fb592f125858575754103c0910ab
water_plant,rand_full,1,retry,34,false,1000,1000,0,0,107.4117980003357,d82f3b97bddb93c232ee870ab83b2aebfaa68a918ab8d93ed93ba23143123896
water_plant,rand_full,1,retry,35,false,1000,1000,0,0,108.74681043624878,1af022f606c1e2306cb690c712f1f9f4c735d35b51da3258f2c8c6af835980da
water_plant,rand_full,1,retry,36,false,1000,1000,0,0,106.7264347076416,2e5a8ee7df3fef6194143b81e2e303dcf23672fb4056183d4547ffb6b580b407
water_plant,rand_full,1,retry,37,false,1000,1000,0,0,104.44531321525574,fa5e6b1b7319c03c7b41e3659d7894754cd6835254992b6f06e7feff4004162a
water_plant,rand_full,1,retry,38,false,1000,1000,0,0,104.09388589859009,087d81f76d71c2cbdf9d82a26bc79139b1801189b85d05a6cc7b5b8d0b8b39f7
water_plant,rand_full,1,retry,39,false,1000,999,1,0,105.75867080688477,29596dbb08997ae25e1d92180ed9cd4972856a3599692f3982c1d7895660ea28
water_plant,rand_full,1,retry,40,false,1000,1000,0,0,107.76794719696045,5f64bf22c27cfa1a6112bc08e796b9c046c74260d4092b5c9ae9ef2fc8ba6f1d
water_plant,rand_full,1,retry,41,false,1000,999,1,0,101.2325336933136,e1f94cb412f5b9a9c1ab7101e213bc6f332c4bd3d748537c71e96ea8219f7293
water_plant,rand_full,1,retry,42,false,335,335,0,0,40.787688970565796,fd0cfa424a297a758de7515637fb151e72796844c31c77b804ad5bac0085635d
water_plant,rand_full,1,retry,43,false,1000,1000,0,0,107.95039892196655,39ffa461516dcdcfe76a88b46a52dcfe36ef929355059bcffbedc2b4af50d650
water_plant,rand_full,1,retry,44,false,1000,1000,0,0,103.96168613433838,d0cb259e7f9cec0ef3a98aceef9f147e749538f9b69e067a0c43ab5ba55304fb
water_plant,rand_full,1,retry,45,true,505,504,1,0,58.732064962387085,0e0de6b33aa9495b01ab0f190e8cf0c7038b5c1ca90a8ace9bec51647d708cfa
water_plant,rand_full,1,retry,46,false,1000,1000,0,0,108.50168895721436,84a30b13ec1bbc7426be3d233286e3e129871d19a71a9670a6448d99cb6efc92
water_plant,rand_full,1,retry,47,false,1000,999,1,0,107.18990683555603,7c38d598482bb59770e2588cdb10e10aec60c5ff8d6658b25760e9e7b09fe090
water_plant,rand_full,1,retry,48,true,438,438,0,0,48.62168598175049,05e47d7a24ad9d337bf1ff74443e0812dfff8d080cadbb15c21f3b5ab0842227
water_plant,rand_full,1,retry,49,false,506,506,0,0,58.85666871070862,1e296c43cf8e242875d0ca2ecb7a9b7946583f023ba4225d422a5c7ed1c5d185
water_plant,rand_full,2,retry,0,false,1000,1000,0,0,111.22316360473633,22eab4c0a29c69a7915615e2cf7ea0e9a807f4bcd0747c2022412f26d373ac5a
water_plant,rand_full,2,retry,1,false,1000,1000,0,0,106.84644651412964,ab5e4f3d8029457a7c3adc81fc18e64ff7d8f763b105bd41883442189b1fb408
water_plant,rand_full,2,retry,2,false,1000,1000,0,0,106.29065155982971,661d6961d3f080acfcf1a4fa329f5b423b4a931f0f0a7993056a332d58de0977
water_plant,rand_full,2,retry,3,false,1000,1000,0,0,103.07691836357117,99491bb84058214b86d7492c5f7bc2d8e0733284d06544adc76ddfd4fb05cf76
water_plant,rand_full,2,retry,4,true,708,708,0,0,80.08331084251404,80672ab2a9f11140b98316a4544dcf354e5e0bc2a9ce9437e529349d1a2a4916
water_plant,rand_full,2,retry,5,false,302,302,0,0,38.436564922332764,b2ececbc6ac384c17a7b245f4332cf5081b42af8bfa61bd7c184afc0e2f37a41
water_plant,rand_full,2,retry,6,false,276,276,0,0,37.16675925254822,a8c5765c67a036dc3384b4dc2054b9f58dbb5ce9aacd521d1c6f60e8037536c4
water_plant,rand_full,2,retry,7,false,1000,1000,0,0,109.74372434616089,4ede1ccf2397b613ec9dd1f6e31e75fa8f98825f79a5bb086c3e37fffe9571d0
water_plant,rand_full,2,retry,8,false,1000,1000,0,0,105.15820693969727,b4e9490305871ab41d03df9f05edd271b83abe25583d8e46f86268c92c499ffa
water_plant,rand_full,2,retry,9,false,405,404,1,0,47.64300084114075,9b35818ca7f4d3fb5b723fdd974e286f554772f217ef6deb69bfcab37b9ac0f0
water_plant,rand_full,2,retry,10,false,1000,999,1,0,105.83728170394897,35e7c7d4ceb23acf76ff62ed34430c7237214f1927ea1be05eb61a0cb2120c8e
water_plant,rand_full,2,retry,11,false,1000,1000,0,0,105.96167492866516,337a2832a8bbf726450da4c06fb8364c03f0fd0e17824c6d321770d4d3890938
water_plant,rand_full,2,retry,12,false,1000,1000,0,0,108.6132550239563,bc30caa085630c29e4aa7914ea434bb237fc4998c8d0675ef1972d1910fd377d
water_plant,rand_full,2,retry,13,true,443,443,0,0,52.81534481048584,3c1ebfb6882ae065d0a2634893e820249fcded8b5f416a84466fb709dc3b03cb
water_plant,rand_full,2,retry,14,false,1000,1000,0,0,106.22028684616089,c29c35def0f2b599be29de97f90ad8a7908c7919ea22eb59e2de33e40af35218
water_plant,rand_full,2,retry,15,false,1000,1000,0,0,103.09091186523438,4691b4497308bf0dee2d6de5d4e1903ff0fd5f710b3e548c6fffd63833087f10
water_plant,rand_full,2,retry,16,false,1000,1000,0,0,105.57588577270508,02e52955239fff9667d6d6a7a71a52f82cd3b41a33e7dd65ad43c9cf63e30059
water_plant,rand_full,2,retry,17,false,1000,1000,0,0,108.87640070915222,81967300b03f8469cc494161f8c2900b46c236e8e0d672701917f5391457ae3d
water_plant,rand_full,2,retry,18,false,1000,1000,0,0,104.02629232406616,d2db8f0f3a533c0a5814444fc276f667c8547e1b6e35e31aa983f1934f035fa4
water_plant,rand_full,2,retry,19,false,1000,1000,0,0,104.32574796676636,46a6f8fc6518c9666720a2c74d5159e89b16884223082e5dcb92c0976b9c704d
water_plant,rand_full,2,retry,20,false,251,251,0,0,32.29748892784119,96d65c2fe9cba68114793762a16aefd8c48bee2d8f871795b3dc90ba79a34d4a
water_plant,rand_full,2,retry,21,false,1000,1000,0,0,103.76387238502502,f7f9b52ba073e063074a5b83e3fb0675f56cf83da6bfae6d673fbcce41dc42b5
water_plant,rand_full,2,retry,22,false,1000,1000,0,0,104.48432803153992,307cb055175bdeca49d5bff5cd0f66f828304fc6d45e9dc0043209c25f5399f6
water_plant,rand_full,2,retry,23,true,456,456,0,0,55.53459310531616,a8b3d5d953c5fe48e7413b191c116166462e3added2278f6ce4f29e77557ee6f
water_plant,rand_full,2,retry,24,false,1000,1000,0,0,102.17853164672852,3bb7561d05c7f47c648ca64de59595df7b9f55e259f6b139ee0c2a17c51f32fd
water_plant,rand_full,2,retry,25,false,1000,1000,0,0,103.47310709953308,40881b80c184dd70d1d2a3262e3686eafec78a18d47c9ab670ab33b9c1584bbe
water_plant,rand_full,2,retry,26,false,1000,999,1,0,103.66953325271606,f2aad6c6b8fdf64e5e5126e64c76e4171c54740f6fc629baa814e6c5052f50ed
water_plant,rand_full,2,retry,27,false,1000,1000,0,0,105.94125580787659,cfd84fe195e5d1a2c96398089564064a0dd051eaff3d65144d05f9ce27d40950
water_plant,rand_full,2,retry,28,false,1000,1000,0,0,108.91305708885193,4a09b90a9c2bffba36b7ee05739a6f30af77dca02df58b83212d46eed063fd9e
water_plant,rand_full,2,retry,29,false,1000,1000,0,0,108.0992271900177,562222194659b088ba3f1815f9362360f5eaf63f6fa0d1a2347fae3b25eff406
water_plant,rand_full,2,retry,30,false,1000,1000,0,0,106.54083919525146,f290b7da1f4f1c25325f668a7e0020e4df9eb4b12cf8f95ab06e437ebdd52ad5
water_plant,rand_full,2,retry,31,false,579,579,0,0,65.17390632629395,e62f964eb0b1bf63eaba2fa4e02658a64c471768a9ab3cd76eb4b14505960d87
water_plant,rand_full,2,retry,32,false,1000,1000,0,0,105.97773456573486,8eaccc0d688ca17fdd627f7712326de33eac53ba45017449e5f984a859181f30
water_plant,rand_full,2,retry,33,true,425,425,0,0,50.458457469940186,4042b6f9523b75cc540ccaa4dfb362451c55c9109e55cc985a67ca0e0b8cb3a3
water_plant,rand_full,2,retry,34,false,1000,1000,0,0,105.03375792503357,b13d6ba9727830e913c858ace74d75da8f72689fd6f4b2d92ddbe8190d1337ce
water_plant,rand_full,2,retry,35,false,1000,1000,0,0,106.33004426956177,f35e2b48f8f0a1906009700e8a7842ae7c9c0fa8d74b6a60346f30b4d5ab5f08
water_plant,rand_full,2,retry,36,true,588,588,0,0,65.62427830696106,4d3478806641a3deea1f2569411772f6a24c06453cb551102c6401588300d933
water_plant,rand_full,2,retry,37,true,441,440,1,0,51.13611197471619,af87cb3083ad13d637573d2262c5461c1d46ef3b7729bcf2f2031dcae2b6e14f
water_plant,rand_full,2,retry,38,false,1000,1000,0,0,104.25345826148987,d499a960959d9538303dd54a06ef3514ea8aa43323558088eb54f6d6798701e5
water_plant,rand_full,2,retry,39,false,1000,1000,0,0,103.43799591064453,c87ab5a6506af63318314f66fb2b5f69572fd0d72ee2deadb599b7a1a2efb551
water_plant,rand_full,2,retry,40,true,461,460,1,0,55.000956535339355,4b12bcfa1c810fd2c90086e099919e6cf4497ab4c3d02a1d44dc4e260755881c
water_plant,rand_full,2,retry,41,true,512,511,1,0,61.204474210739136,733049d173f3a60846a5c4fca7ed972870c8f532fb33df9a43d9ed319064bdd0
water_plant,rand_full,2,retry,42,false,1000,999,1,0,103.46270251274109,0df8c26cced18e5c385d16d7072c475d27655293564d7be400e90eda5eccb3b1
water_plant,rand_full,2,retry,43,false,1000,999,1,0,105.25607061386108,73d956d443cfb4a8531cd9cb7a5a7b01311e4354398374120c603eb823184336
water_plant,rand_full,2,retry,44,false,1000,1000,0,0,104.39987206459045,efa175cdf13b55a9bbcb92e540a5a65d7b2a054e1f21ae31e9319fbd309fe934
water_plant,rand_full,2,retry,45,false,1000,1000,0,0,106.15189909934998,31b7915b61be6c225edf6f43a86615e14b46ef8d5ac5ec8893b614c412da5e24
water_plant,rand_full,2,retry,46,true,537,537,0,0,62.55117988586426,495b6be04a113f1db440831fcde80fc11018c0d7ff1743d2505f9ed2056cdd28
water_plant,rand_full,2,retry,47,false,1000,1000,0,0,103.41198325157166,602e74f3f107a9b167943ccfbd688de424d1406c7d4957e528f3b4be415543a0
water_plant,rand_full,2,retry,48,false,1000,1000,0,0,103.10649609565735,776f85d4a86148b54eabcd23837a0991546c86de1f435c1b880b99fadadb262e
water_plant,rand_full,2,retry,49,false,1000,1000,0,0,100.04437685012817,c2c2c7fc53bcbbaac9d12c81772d9377ef130afc88157b64fa3c9d97daa6b28d
water_plant,rand_obj,0,retained,0,false,1000,1000,0,0,101.45026803016663,074bf3047dc51bb3d0861962de2521269da438d2d3240419cd54406ff60b1ab0
water_plant,rand_obj,0,retained,1,false,1000,1000,0,0,100.6274766921997,0b863bcd411473db91cab729407b9b882d6e22a1d4321f121cac6af863d019a3
water_plant,rand_obj,0,retained,2,false,1000,1000,0,0,102.74469709396362,c8fd1932ebc5639add71ff06bbc00750a11fe6528d1a6c13f016e3e14c7fc145
water_plant,rand_obj,0,retained,3,false,1000,1000,0,0,113.5735023021698,556f9695e6c83c5878b3a8ca89e7a29d24438a6ff0e92e6a2194890777d98462
water_plant,rand_obj,0,retained,4,true,490,487,3,0,59.948793172836304,acc5be84316ba1743659f2030ba781f3e7e09f15c4a426d39d7933cb828a065d
water_plant,rand_obj,0,retained,5,true,606,606,0,0,71.90192747116089,247651de7d1a716dca7e1df47c56090e7ea22dbff654c9db3293452c2592e499
water_plant,rand_obj,0,retained,6,false,1000,1000,0,0,109.01073288917542,820df488f41870a1687b1f013b2eb31b6683e30d89a997cb3b96dca9f18e2e53
water_plant,rand_obj,0,retained,7,false,1000,1000,0,0,109.30270385742188,aaf390d163d470a70fcb38d56d0d1ba31685f58cf20ebc5357e8dff82472e4f9
water_plant,rand_obj,0,retained,8,false,1000,1000,0,0,109.03683567047119,ed3300cd8a1181dc297b70ca306e20f129ec18f6a6339a86b8c9325ebfb95824
water_plant,rand_obj,0,retained,9,true,458,458,0,0,57.95067763328552,dd99d08931da181f7d7a83a8a3c9479e1492cc59162ec9454966dc8e8654a61a
water_plant,rand_obj,0,retained,10,false,1000,1000,0,0,111.3113021850586,36966207f04cb29ccf6ab60c5d9dd6fe9d7dd50b6c956915a289f654816139c2
water_plant,rand_obj,0,retained,11,false,1000,1000,0,0,112.52344155311584,40d56adf6aebdec23b859014fd6358eb57d5da1e1e87b36d7cb822ebb3443043
water_plant,rand_obj,0,retained,12,false,1000,1000,0,0,110.68277096748352,b914a7e1dbea70845b133d36ca15d5bab27d2d7a82a1572421535b3dc80d48f3
water_plant,rand_obj,0,retained,13,false,1000,1000,0,0,109.70033836364746,87dee036e2134065d7c5d9e1741ac59a5c4dd36864d2756d4482836cd84c55db
water_plant,rand_obj,0,retained,14,false,1000,1000,0,0,109.13128590583801,1fbc411aaa77499718fe061ce807f565e86526e9841e8cece6f9e273372d193c
water_plant,rand_obj,0,retained,15,false,1000,1000,0,0,110.60847210884094,c8f7d0c8f4d3458abbeb6ec22f5e0cbf30d297b00df82b47f739a84c8d168b00
water_plant,rand_obj,0,retained,16,true,474,474,0,0,55.85717725753784,49cd70668722d2ed945e471d3db0ff17e4bc1458779e5b27f4e0060af097964c
water_plant,rand_obj,0,retained,17,false,1000,1000,0,0,110.60947012901306,a6393d362c8e3d31046e62032a90738981f5dd6f0025f035a5533021df2e0c9a
water_plant,rand_obj,0,retained,18,true,402,402,0,0,50.67546367645264,29450becb66934091adc39ab093b7832a1932b438c237a5af0ca788af1a6d694
water_plant,rand_obj,0,retained,19,false,1000,1000,0,0,110.51805830001831,b0dd39846725a93c377bdc04cf7094d148e15e8a60815504ed624b6466aaa398
water_plant,rand_obj,0,retained,20,false,1000,1000,0,0,110.81092977523804,43d63ed9d6480b7d712fc091f91242d0fa73812dfe73f18696f6da0e6c6f19e3
water_plant,rand_obj,0,retained,21,true,598,598,0,0,69.66793322563171,c6001e88ad8594499603c20861842c59b06edb5f4b6558de1db8050bc9b86756
water_plant,rand_obj,0,retained,22,false,1000,1000,0,0,108.54623484611511,026c8130afcdb7be4e766d63af80af31538bfa8428bafe23bfde7cd4bb75c7e8
water_plant,rand_obj,0,retained,23,false,1000,1000,0,0,108.14549851417542,40aa0737a70c65b9f302f5a78785227eb7c4050e073002a62556deea5b03cb79
water_plant,rand_obj,0,retained,24,false,1000,1000,0,0,108.5194525718689,af4d2ca9c6b5f6dcd471c69015e916e1a4272e792b80d8b2b3a2379e66e40e34
water_plant,rand_obj,0,retained,25,false,1000,1000,0,0,108.82986259460449,2976f4092b0459cad1d89380ffb3bcec90a4a63d67a4092fbad5cad738988a31
water_plant,rand_obj,0,retained,26,true,576,576,0,0,65.8888566493988,d4a730483ff865e830551e81fe3a63d8fc70133992d69c8048489b85aabc9ef9
water_plant,rand_obj,0,retained,27,false,1000,1000,0,0,109.1819818019867,16009509c98e8f6263f268ea76b0ebbd9ded0448ba0ac328f1de322942b18814
water_plant,rand_obj,0,retained,28,false,1000,1000,0,0,110.79959440231323,71e48556b69a63f8bdb42990e1ef346d0bdc63478dc13913618e05ce353453ff
water_plant,rand_obj,0,retained,29,false,1000,1000,0,0,110.29494380950928,dcc30f2d140e189df33137fc2e5e7af645558163122d60c278e279dc21a704c5
water_plant,rand_obj,0,retained,30,false,530,530,0,0,62.791019678115845,f0420908fab6ac06d904f17d68315370e9518ea27dc878850caf864066e596cb
water_plant,rand_obj,0,retained,31,false,1000,1000,0,0,111.98271799087524,b509ac385defaeb000739cfa436b9f92a0df560a44959079f17e3f35d6c5f929
water_plant,rand_obj,0,retained,32,true,714,714,0,0,82.4178147315979,6034a5ac9dc0b2bbe494ebbe42d3c64638e82594d627c22932238dc861b99b1c
water_plant,rand_obj,0,retained,33,false,1000,1000,0,0,109.21291494369507,546d8ad10750fa6f2e04f6c2860d573bf02dbe0a6b80f581e5af80b9a5e9a346
water_plant,rand_obj,0,retained,34,true,614,614,0,0,71.4780662059784,cd43b40025ff1a7aefa4945d53201ae41bc1526a2766fd725ab5b8d9912440bd
water_plant,rand_obj,0,retained,35,false,1000,1000,0,0,111.73018550872803,c4adaf4b519c9789dba48da149297d09efbe73aa2ab39988ab7a8b513ebcd338
water_plant,rand_obj,0,retained,36,false,1000,1000,0,0,111.93803095817566,e2b8e3c91dead511621f809764dc58a0d65430e32c36519c0d67c96c6a8342b8
water_plant,rand_obj,0,retained,37,false,1000,1000,0,0,110.98391842842102,0f749d432fb8330d5acb1d580d7cd2e70ccf6e74e81b5204a118bed9848c01d4
water_plant,rand_obj,0,retained,38,false,1000,1000,0,0,109.33646035194397,389ed263007a7668ce0f3b25640e314ae5fab62d4d60b92500ad39181f2f2c70
water_plant,rand_obj,0,retained,39,false,1000,1000,0,0,113.0307846069336,8bd9ebc90f0d349b752e121bdda9bad32fae10bfec09ae84c4dcdfaeac65dbe6
water_plant,rand_obj,0,retained,40,false,1000,1000,0,0,112.46568942070007,ee6845230f7934d8e8d57268933eabe1c7b3ed6558affcf527b16b55d5c0c69b
water_plant,rand_obj,0,retained,41,false,1000,1000,0,0,111.67097043991089,e1a449cad562872dbb94699135e73588b8e7c95615d8d16bd701c85cdad7849c
water_plant,rand_obj,0,retained,42,true,748,748,0,0,83.36508369445801,44cafec1ac1bb6a6b9fdcfeca2ebc2fef7f98b817fe93c2a412f9b08554b1f62
water_plant,rand_obj,0,retained,43,false,1000,1000,0,0,108.89184856414795,2aa9f187c7e6be8871cbdc07140d83a5ea53504d505e972bdd50bd1423285f0f
water_plant,rand_obj,0,retained,44,false,1000,1000,0,0,109.62482404708862,25ad270fb85434861c21189ba98869d654e4bdd4618ce45743d7167004355eb4
water_plant,rand_obj,0,retained,45,false,1000,1000,0,0,106.96000623703003,5afc33173215ff1b5cf946543838e076cf3e478d06af7efc54eb51b63da0a6fd
water_plant,rand_obj,0,retained,46,false,360,360,0,0,46.80112266540527,d61831c136e86e42a1e242e324d13188411ddb46d6b13542297af61f21b05dc7
water_plant,rand_obj,0,retained,47,false,1000,1000,0,0,111.6565511226654,432af2535c36ff35fd9b53a58b5940bf29b42c522d2f039788f27bd1aba15d90
water_plant,rand_obj,0,retained,48,true,632,632,0,0,74.38712096214294,054d250c0d88cf5410acf95427990f64bf44e591f44f5af1aed99a9f8ca4635b
water_plant,rand_obj,0,retained,49,false,261,261,0,0,35.35917043685913,cfd27d597347b52566d5d035b5e712bdc7121cb89b2e488a74c935c3193fe935
water_plant,rand_obj,1,retained,0,false,1000,999,1,0,111.90843987464905,28e51b0f8d89b91168a9546cda28255bbffdda94dc4bc70ca5b3f6ce1d8f7c01
water_plant,rand_obj,1,retained,1,true,405,405,0,0,51.77410101890564,cec630cf9ec031b6ff99ed9a2d541638596d150b6fefcd1998e5b488239c2d46
water_plant,rand_obj,1,retained,2,true,465,465,0,0,57.89880990982056,74caec1c1c5a5e414b7298b0ec30e83e6c2d29c29b1b45e6fc60d5336f6324a1
water_plant,rand_obj,1,retained,3,false,1000,1000,0,0,111.37724423408508,b70bae10a88269a61ee44d33f49df2da99341adbdbd392f71b6b0b3ca8d76150
water_plant,rand_obj,1,retained,4,false,1000,1000,0,0,111.27258276939392,fec19de55e48ddeae37e6df9943f3015b3ffc389c2fa354822e466c8918032c2
water_plant,rand_obj,1,retained,5,true,698,698,0,0,82.04932904243469,02cb1599b09e997d10265f8d5048fa483f58c8968a8462390ce879b6e27f18c7
water_plant,rand_obj,1,retained,6,false,1000,1000,0,0,112.06268119812012,62f2eb14d264c9256bb35409a55b4cedb90ddd2907a383af6ce93b773dbb4afb
water_plant,rand_obj,1,retained,7,false,1000,1000,0,0,110.52257633209229,9c1720c13d0db3a43d74320149f77b5b75cf07e2e1aeb4fc9aea87366de518d6
water_plant,rand_obj,1,retained,8,false,1000,1000,0,0,108.51759028434753,69442193fddf93bb0294c0fef3d5f7184a5d933e5850974dce2e3b330fd58d2f
water_plant,rand_obj,1,retained,9,false,1000,1000,0,0,110.59395742416382,5da418903f782c7c8a4674368899cc355bb7b11c18319e80b5987535049d99dc
water_plant,rand_obj,1,retained,10,true,350,350,0,0,46.610836029052734,2cf2d2ec949e10071774dbf804cf3cd5a915a6182d496f36ad024652a7136f8a
water_plant,rand_obj,1,retained,11,false,1000,1000,0,0,112.53611278533936,cb6ccb4ed5fdbb2ce9082b285f3d6faf7241cb741dd15a361c13f61aed39d2bd
water_plant,rand_obj,1,retained,12,false,1000,1000,0,0,109.5148377418518,928d6d0512f3e2c788e6b429e050a364c39d65e20e34934a0cf2af036b2edea4
water_plant,rand_obj,1,retained,13,false,1000,1000,0,0,109.33266520500183,4c0497bb87a1b2204dec0cbd4264ce8109961ed263a84112547e1e2bd2ed1f24
water_plant,rand_obj,1,retained,14,false,355,354,1,0,46.08233571052551,9181342e2f0ed7cf34ccd13e0468f372507f528d3c217064cdddda22edbeb34d
water_plant,rand_obj,1,retained,15,false,633,633,0,0,72.97038960456848,ddc1238cafc737967a1e44c53c002fcb35da072bbd51c17bc638587149bdd978
water_plant,rand_obj,1,retained,16,true,651,651,0,0,74.88577151298523,67ee0b643d7c8f578eb099763bcbb8b9aaf476ab17b10c666eddeffb1f6b65f5
water_plant,rand_obj,1,retained,17,false,1000,1000,0,0,109.6950376033783,067369221e9f62933c3f40cb00b4a85a4ac4fa2470525c2b71d5deafd989afde
water_plant,rand_obj,1,retained,18,false,554,554,0,0,65.90857195854187,7ea3d5ed22bf24bf3d13a1a9f7b97915c07023c3faf9b703cce012eb98052be7
water_plant,rand_obj,1,retained,19,false,1000,1000,0,0,109.37591433525085,7977fc5e1f839b4aff4e6b38adae274899113f4a04a868662584933865c153d7
water_plant,rand_obj,1,retained,20,false,1000,1000,0,0,110.55259299278259,5a1850d70485156d7d07acae8ba4bde1d7bedcbaf023a049a7389e95b9171867
water_plant,rand_obj,1,retained,21,false,1000,1000,0,0,109.98801469802856,ec6bb7a61c58baac8ec477506991fc97700b3c50dcb79fd9ff51e3235fe74d56
water_plant,rand_obj,1,retained,22,false,1000,1000,0,0,110.24729537963867,22df557b02f5dee8789e4d94830b5c816a879056e73fe99438ab020150747715
water_plant,rand_obj,1,retained,23,false,1000,1000,0,0,109.61179113388062,9ddf02f089b413e96dea90ba455bf5b54c109d6402e59875704af79221b5c2af
water_plant,rand_obj,1,retained,24,false,294,294,0,0,38.51544117927551,aa55a69b2856ae0d202469acc8a20104cb61ac8931d8d0e13b512727e1206ef9
water_plant,rand_obj,1,retained,25,false,1000,1000,0,0,109.29533267021179,915010cb039d8a23f09806c142f761669614c3ee232c0b1d9c953d488446df9e
water_plant,rand_obj,1,retained,26,false,1000,1000,0,0,109.52849817276001,faf639fe54256713aec395bc0d9055a47f1425664e3527b47a0bd6466b9dcb62
water_plant,rand_obj,1,retained,27,false,1000,1000,0,0,107.20365643501282,d3a31b57ba3667c11509304bf2d7f3257bc47224a8e8c3e0a0cf15b5438d36fa
water_plant,rand_obj,1,retained,28,true,648,648,0,0,73.53679037094116,13244ff83c4d96bbb399da51da77dea12cc912c82c48d03e3e6bec1c9f394b35
water_plant,rand_obj,1,retained,29,false,1000,1000,0,0,111.68304586410522,b2d426cfb63705e36d9fdb66f4a3a141fdff3a1fa31d6102363746d6b1b22e5d
water_plant,rand_obj,1,retained,30,false,1000,1000,0,0,113.15602993965149,b27d81ff380e2225e947b51e9796037e48c65e0d57241526d6334f17f8e1c598
water_plant,rand_obj,1,retained,31,false,1000,1000,0,0,113.21855115890503,37d07eae886b92f207285551accc67fd5da5340587f5ff8b4d3dd20daf588b45
water_plant,rand_obj,1,retained,32,false,1000,1000,0,0,110.63955783843994,dbc657a3748a25531ab36fbfbcc0ed0be4b940fd4b6955756c4c63258dc1846f
water_plant,rand_obj,1,retained,33,false,1000,1000,0,0,112.00564360618591,3c3595849dee96dde38818f3532449addc92eeb6b16f88b4d54c11db54526035
water_plant,rand_obj,1,retained,34,false,1000,1000,0,0,110.55827593803406,eee327f9d8df4d04d580d817783f6b8c98fa50a7f14efb669a05c3588f48cd07
water_plant,rand_obj,1,retained,35,false,1000,1000,0,0,111.36389517784119,cda00fbf0487969aafc00572cc8fd7c71b4fc07c7fab421b038af1168ccf788f
water_plant,rand_obj,1,retained,36,true,816,816,0,0,90.88191199302673,c9c38d0317e9e13084f6af1252761ba803e47eb2b2fcebfe19b22b47dbf25b19
water_plant,rand_obj,1,retained,37,true,593,593,0,0,70.57495307922363,6dfdb32b1816655d9e629a58dd8c54dd8c1cc320d28b9543eba401154055be25
water_plant,rand_obj,1,retained,38,false,1000,1000,0,0,111.83643531799316,ce076876abdb38861d4b6c4a951c24a747614ebb230c4474bf6ea25d21398d17
water_plant,rand_obj,1,retained,39,true,754,754,0,0,86.74065852165222,d45a702876dec1f96e6d5d4c13cf81ae7e3ec33656e4f8539b992ec12aaa62fd
water_plant,rand_obj,1,retained,40,false,455,455,0,0,55.867419719696045,a0baaefa1d5883d4e2bc01f9b0889829731014a029f1f97c37bb08ef5abf87ea
water_plant,rand_obj,1,retained,41,false,1000,1000,0,0,113.45993757247925,e33dcaef9a0e0038d8811272b5fc380bb3addbd0610bf6e218f50dd397ed3cbe
water_plant,rand_obj,1,retained,42,false,1000,1000,0,0,109.84982585906982,406960e031ed3a7c05af6bdecf6e608a239a81735fbb95f62df0e63431d3acd3
water_plant,rand_obj,1,retained,43,false,1000,1000,0,0,110.3526840209961,8ebce1e854e052d6cc76f07f39d88760ed494bf312b456bb3dfcd6f61dc6be71
water_plant,rand_obj,1,retained,44,true,436,436,0,0,53.283843994140625,f2a56bb7c30c0738186a368bae6cc094b01617b88f95df5c3bcf7c3ade3c23a8
water_plant,rand_obj,1,retained,45,true,621,621,0,0,71.66678285598755,599f0b56c27728c15db4432f7b5d2b1f4dcc0f1d23654cfeb6ff90501f584f62
water_plant,rand_obj,1,retained,46,false,1000,1000,0,0,109.73237156867981,918b2ba96bd1bb9097929c171a5991e0332774c918596f2554b7c5a2d5a996ad
water_plant,rand_obj,1,retained,47,false,1000,1000,0,0,110.25207376480103,318794841c196083e950f1d5b1691bb04c5649fc93bba8b7b7d373bed1e17860
water_plant,rand_obj,1,retained,48,false,1000,1000,0,0,110.65981888771057,bf926219e2c8f60a5240d26414a23e9c52eef8c9cf2e11ba3189320afb072c49
water_plant,rand_obj,1,retained,49,false,1000,1000,0,0,111.67146039009094,b452eacd5343321a6aac84a2d1bb15f968e2e893a8844064d50b681f9671c492
water_plant,rand_obj,2,retry,0,false,1000,1000,0,0,110.21414017677307,c516453974dc784947c26a9db48bf386f6c905ebf8f9e8250e43b22d10687c12
water_plant,rand_obj,2,retry,1,false,1000,1000,0,0,106.45552492141724,b90f41223619b426ad2ad83eb91b3b18b5cc138727805f776e6ae0c94c525df4
water_plant,rand_obj,2,retry,2,false,1000,1000,0,0,105.71325731277466,6f394c24b8d69f94942e0cf333a4aace4d4470161433d9ad96bc98a71014a752
water_plant,rand_obj,2,retry,3,false,1000,1000,0,0,105.76230692863464,9fa32d8ab440e042795be90f1987abbfc134d3152476250f6523314160187b0a
water_plant,rand_obj,2,retry,4,false,1000,1000,0,0,107.30297636985779,d223cd3494683aa55651128fbbacb2cc3af45ab5778c41e59ccf3ac7d4bd7d79
water_plant,rand_obj,2,retry,5,false,359,359,0,0,44.02698588371277,817e44ef7571cf9aae3065597d03c01c7a66893c24f8a6ac70cbfa3b15174ab9
water_plant,rand_obj,2,retry,6,false,472,472,0,0,54.42250370979309,4debf2fda4f20879f77cecfeebbf70620cb37c779f62ca5242c2c22bef4cf31a
water_plant,rand_obj,2,retry,7,false,1000,1000,0,0,104.76109647750854,00340f24dc4ba7326f288ec2e3a785bc284f35512cd362ded2648e430089e4bc
water_plant,rand_obj,2,retry,8,true,527,527,0,0,61.65109133720398,865386db28e8034e0d0b9bcf846080433fddc727d45f89578428dcaac99a1d3d
water_plant,rand_obj,2,retry,9,true,830,830,0,0,89.15651750564575,0ea3df83661f0f005adae63b32bd14ba0a4b54baa74c4dab39e8177663671f1e
water_plant,rand_obj,2,retry,10,false,1000,999,1,0,102.82260203361511,d04080938ce5660811767f1a91a80c432f04acbe3d754cdbf6f5a98dc712acb1
water_plant,rand_obj,2,retry,11,false,285,285,0,0,35.594438314437866,6b1e36386929dd97810f522be4a704f8b234e1251d9e0b66ad980cc8829310be
water_plant,rand_obj,2,retry,12,false,1000,1000,0,0,107.71392321586609,1208ef7d57d040d6538fc7d8f6ebaa5f529254eb94b5a7a72dad0675fa67a02c
water_plant,rand_obj,2,retry,13,true,443,443,0,0,53.63461494445801,7c6805d2187816eb17618ee1f13f2383c357c34869c28f86a2c7b6c1b0acbaa5
water_plant,rand_obj,2,retry,14,false,1000,1000,0,0,106.25893211364746,13a131cff98a3cd3e08ad9853871d638889bea53dfb195c6f8ae2e2242334e98
water_plant,rand_obj,2,retry,15,false,1000,1000,0,0,102.722421169281,5cfed308f3e9da5f2242d5be7d01cda7e7d1e00bf08863af0c8108d15b8ab504
water_plant,rand_obj,2,retry,16,true,706,706,0,0,77.04085564613342,729b9708cdc5f213f939454a1b168b7ec52a82ca6585682d2ed5ed4944b8619f
water_plant,rand_obj,2,retry,17,false,1000,1000,0,0,106.4293098449707,0757a19f918372bc64a6b881483d42c62aa9f5e1d18e59d56f9050c8ab50fbf3
water_plant,rand_obj,2,retry,18,false,1000,999,1,0,106.30826044082642,0c24f0a5c676bc442e28a08031f5f7c96dd12914fad5fcc092ffa623b8f7774b
water_plant,rand_obj,2,retry,19,false,1000,1000,0,0,105.78160881996155,51000eb22dbc3d20f2b81177f8d1ac3e8f1046f6543c65fa1adaf1d83f5c6238
water_plant,rand_obj,2,retry,20,false,1000,999,1,0,104.59770083427429,90341fe3a085d89283fed03b9bb658f2857752650dfc5bab1cd32907bb459e55
water_plant,rand_obj,2,retry,21,false,1000,1000,0,0,104.62688255310059,045e4b87f1f3ae17f387c3132511e81a02eaa2a3c199f20dcc6b76891b14497f
water_plant,rand_obj,2,retry,22,true,825,825,0,0,92.43332242965698,d616a52e7e88129dc2f00591b8e79f67abd8fbe7299ae1f12eabb9c8f424381c
water_plant,rand_obj,2,retry,23,true,560,560,0,0,62.91055607795715,fad346fb2fde9fe7b8585d153dd9692579816da3fc22fe8e5bfe7d2a628c5324
water_plant,rand_obj,2,retry,24,false,1000,999,1,0,105.04819989204407,c1c7349c5348abba465ba68b73bc1d5866fe9949adbcfd37ef5bdae18439bb5f
water_plant,rand_obj,2,retry,25,false,1000,1000,0,0,105.89025235176086,b4c6865deedec9481fec8d8c9e3c1ed6da94b3d8b98cea76c3ca24d2743dffd8
water_plant,rand_obj,2,retry,26,false,1000,1000,0,0,107.9507794380188,de8e232580efd44e28e216c3e7c322427fe7b0d2a2cece604a82994776a08d4c
water_plant,rand_obj,2,retry,27,false,1000,1000,0,0,106.03831791877747,ba98b293f930e573cea8233141b568d2ed467146af13da1a908f25580edf0232
water_plant,rand_obj,2,retry,28,true,612,612,0,0,66.67635130882263,918017a2c7e40f68b78bee2442ddfd1d8c2147767ef4b7006f3af168d54d2611
water_plant,rand_obj,2,retry,29,true,541,540,1,0,61.96934390068054,be342cef54a5f55792a0bc8c23e91cd0248001057ae166a43aca27f240322b02
water_plant,rand_obj,2,retry,30,false,1000,1000,0,0,108.80856490135193,33c8144243998460ff0834eb3a6d1bf2d38883b706eea8360dcd1c0795fac420
water_plant,rand_obj,2,retry,31,false,1000,1000,0,0,105.30773639678955,a11affb4dd118853ced1c0671051ddba6d6ab9b39459c8070d6e1715b426e054
water_plant,rand_obj,2,retry,32,false,1000,999,1,0,104.69153714179993,5d3b7b2ff3792cdd75f297faf12add0d0b512ecdd25491e7a02f1be13d9cfbe5
water_plant,rand_obj,2,retry,33,false,1000,1000,0,0,108.80977582931519,b92d9ae4457513a58e6c5ed49be04c33894612ff4c81c3a653b35b5b8095ba20
water_plant,rand_obj,2,retry,34,true,385,385,0,0,46.81384038925171,44985753dae46ad43c3cc46fadd7a294c03ef6b26aaf41deb0103076a30485d5
water_plant,rand_obj,2,retry,35,false,442,441,1,0,50.2248592376709,1a4667383521f42cca2111c3d613f36403f85aaac505312f7752003059cdb2e4
water_plant,rand_obj,2,retry,36,false,1000,1000,0,0,104.43633723258972,ad64821d413aeb12e716aa4834f3a7d571db7b8db3b03fd6271e5b942ccf52aa
water_plant,rand_obj,2,retry,37,false,390,389,1,0,45.65068507194519,dae040b3984796f41f4bc2eb6220ba1e0c2a79be221fd3211c2083148efe80c4
water_plant,rand_obj,2,retry,38,false,353,353,0,0,43.29882097244263,e2c4ceca194c5c8fe689823fbe84a22fe7e157137f63839c6d238d07072b7a11
water_plant,rand_obj,2,retry,39,false,1000,999,1,0,102.40006875991821,0902d4016f8c08fa409a041685621ae1333309a1c955e649940adb0c7101685e
water_plant,rand_obj,2,retry,40,false,444,443,1,0,50.415894508361816,db522eeda8d6233a76f3efea403981ac04d6d4d96233580d41b5d65328ec05c5
water_plant,rand_obj,2,retry,41,false,272,272,0,0,31.71952509880066,9b016850081cd4c3ec769d6d982fdc7f3d048231e9058a9e5381148b26636536
water_plant,rand_obj,2,retry,42,true,651,651,0,0,71.61174011230469,754f7691f1b7cf28d310fa9be0a5f4aef9e105f23aa2971cdccb8809a0f77ca3
water_plant,rand_obj,2,retry,43,false,1000,1000,0,0,105.86303472518921,98455a47a2f32cd5dddc2d98ba71b3e24fcbcec93a52f37df13ce78e75053650
water_plant,rand_obj,2,retry,44,false,1000,1000,0,0,102.75415420532227,c377e0b0c3636b2fad3789734b64fbbabf71402a6064fb4d08e251c5bca2396b
water_plant,rand_obj,2,retry,45,false,320,319,1,0,39.52627110481262,5316242f486fcd51d5067735555f597e2db77d622be3983714843571a6ecc9f7
water_plant,rand_obj,2,retry,46,true,543,543,0,0,61.22458577156067,06f7109cde24bbdc25ac8b0d232a67d60665451dc640275c8422180e911a4cb8
water_plant,rand_obj,2,retry,47,false,1000,1000,0,0,105.06897950172424,e3546f03a46ea8b071f2352a1c6d7eb1a0bd09e39dfe0154ff70829c4954e93c
water_plant,rand_obj,2,retry,48,false,1000,1000,0,0,106.81538009643555,fea1990e5797c5fd13345db29fb7935d3b3c813e21810ffe301eb2c76159fded
water_plant,rand_obj,2,retry,49,false,1000,1000,0,0,106.69147038459778,8786fb716b6ba0829841647faa289f8a153767005bdf93534ffd09039540bd84
